;buyer;count;;
1;HERTZ 00113 GOTEBORG,GOTEBORG,SE;4404;;
2;BOKUS,STOCKHOLM,SE;3683;;
3;Överf ISK;2467;;
4;Överf ISK;2320;;
5;Panda -Gustav /Bengt;2310;;
6;JULKLAPP ROLF;2213;;
7;PRESENT GUNVOR;1797;;
8;BILHYRA;1684;;
9;BODA HUS;1670;;
10;MAT;1582;;
11;Rivjärn;1467;;
12;VÄSTTRAFIK AB,GOTEBORG,SE;1322;;
13;MCD ULRICEHAMN,ULRICEHAMN,SE;1314;;
14;CIRCLE K ULRICEHAMN,ULRICEHAMN,SE;1227;;
15;SHELL GÖTEBORG,,GÖTEBORG,SE;1125;;
16;MCDONALDS FROLU,VASTRA FROLUN,SE;1113;;
17;NARA DEJ VETLANDA,VETLANDA,SE;1101;;
18;PREEM,MÅLILLA,SE;1093;;
19;Bodil;1051;;
20;9025.19.457.76;1012;;
21;Avbetalning bil Fredrik;993;;
22;9023.78.887.28;963;;
23;Försenat Grattis och God Jul;939;;
24;HERTZ SWEDEN FRANCHISE,DUBLIN,IE;918;;
25;MAXI ICA STORMARKNAD V,VETLANDA,SE;910;;
26;MAXI ICA STORMARKNAD U,ULRICEHAMN,SE;883;;
27;VÄSTTRAFIK AB,GOTEBORG,SE;845;;
28;STORA COOP SISJÖN,ASKIM,SE;821;;
29;BAUHAUS SISJON,VESTRA FROLUN,SE;815;;
30;ICA KVANTUM FROLUNDA,VASTRA FROLUN,SE;809;;
31;Spotify P12ABBAE9D,Stockholm,SE;800;;
32;Mat;775;;
33;K*Bokus AB;766;;
34;IKANO BANK AB - PREEM;761;;
35;FREDRIK MOBERG;733;;
36;JULKLAPPAR BOKUS;708;;
37;MAT, APOTEK, KLÄDER;694;;
38;Pandaförsäljningen;684;;
39;TANKA SISJON,GOTEBORG,SE;684;;
40;QSTAR VETLANDA,VETLANDA,SE;684;;
41;HERTZ SWEDEN FRANCHISE,DUBLIN,IE; Customs;668;
42;BILTEMA SWEDEN VETLAND,VETLANDA,SE;663;;
43;MAXI ICA STORMARKNAD V,VETLANDA,SE;661;;
44;GULF VIRSERUM,VIRSERUM,SE;632;;
45;MCDONALD´S LAND,LANDVETTER,SE;610;;
46;MAXI ICA STORMARKNAD O,OSKARSHAMN,SE;602;;
47;APOTEK HJARTAT ICA MAX,OSKARSHAMN,SE;602;;
48;APOTEK HJARTAT ICA MAX,OSKARSHAMN,SE;598;;
49;ICA NARA KRYSSET  VIRS,VIRSERUM,SE; COMMUNITIES AGENCY;595;
50;Mar Oskarshamn;574;;
51;MCD ULRICEHAMN,ULRICEHAMN,SE;571;;
52;MCD ULRICEHAMN,ULRICEHAMN,SE;544;;
53;Microsoft*Microsoft 36,msbill.info,IE;533;;
54;K*Elgiganten;525;;
55;K*Coop.se;497;;
56;KJELL & CO 51,VASTRA FROLUN,SE;486;;
57;Julklappar Rolf;484;;
58;9023.78.898.13;478;;
59;AmazonMktplc*MS9LG7FO4,www.amazon.se,LU;471;;
60;GOD JUL;461;;
61;JULKLAPPAR AMAZON;454;;
62;MOBL BARNEN;451;;
63;MAT;448;;
64;WILLYS SISJÖN,ASKIM,SE; Coastguard Agency;445;
65;NETFLIX.COM,020790637,NL;445;;
66;HALLON.SE,Stockholm,SE;441;;
67;HALLON.SE,Stockholm,SE;440;;
68;ÅterbäringLF;432;;
69;Storytel Sweden AB,Stockholm,SE;426;;
70;PRESSBYRÅN 4150145,GÖTEBORG,SE;413;;
71;ELGIGANTEN AB,GÖTEBORG,SE;399;;
72;STORA COOP SISJÖN,ASKIM,SE;391;;
73;STORA COOP SISJÖN,ASKIM,SE;371;;
74;BAUHAUS SISJON,VESTRA FROLUN,SE;370;;
75;Överf ISK;369;;
76;Överf ISK;367;;
77;K*Coop.se;367;;
78;K*Coop.se;362;;
79;K*Tidningsku;355;;
80;MAXI ICA STORMARKNAD U,ULRICEHAMN,SE;354;;
81;MAT;354;;
82;9025.19.457.76;352;;
83;Avbetalning bil Fredrik;350;;
84;9023.78.887.28;349;;
85;MCDONALD´S LAND,LANDVETTER,SE; Wrekin Council;349;
86;ICA NARA KRYSSET  VIRS,VIRSERUM,SE;Q Construction;346;
87;CIRCLE K NESSJO,NESSJO,SE;342;;
88;ICA NARA KRYSSET  VIRS,VIRSERUM,SE;341;;
89;Storytel Sweden AB,Stockholm,SE;336;;
90;COOP KONSUM VIRSERUM,VIRSERUM,SE; Commonwealth Office;328;
91;MCD 97 - BORAS,BORAS,SE;327;;
92;MCD 97 - BORAS,BORAS,SE;326;;
93;Mat;321;;
94;DAHLS BAGERI,GOTEBORG,SE;321;;
95;BILTEMA SWEDEN SISJON,VESTRA FROLUN,SE;320;;
96;CIRCLE K NESSJO,NESSJO,SE;320;;
97;HÖÖKS HÄSTSPORT,BORÅS,SE;320;;
98;Mat Virserum;311;;
99;Spotify P123B44EC3,Stockholm,SE;308;;
100;Biltema;307;;
101;HERTZ SWEDEN FRANCHISE,DUBLIN,IE;306;;
102;Bil;304;;
103;PodMe,Stockholm,SE;297;;
104;HBO Nordic AB,Stockholm,SE;296;;
105;K*Coop.se;289;;
106;K*Tidningsku;284;;
107;PRESENT GUSTAF;284;;
108;HERTZ 00409 GOTEBORG,GOTEBORG,SE;282;;
109;MICROSOFT*MICROSOFT 36,MSBILL.INFO,IE;278;;
110;MCD ULRICEHAMN,ULRICEHAMN,SE;275;;
111;PREEM,ASKIM,SE;272;;
112;MAXI ICA STORMARKNAD U,ULRICEHAMN,SE;267;;
113;CIRCLE K NESSJO,NESSJO,SE;265;;
114;STORA COOP SISJÖN,ASKIM,SE;263;;
115;Fredrik Moberg;252;;
116;MCD ULRICEHAMN,ULRICEHAMN,SE;250;;
117;Bil;248;;
118;CIRCLE K ASKIM,ASKIM,SE;246;;
119;HARVEST BY MANNERSTROM,GOTEBORG,SE;244;;
120;HARVEST BY MANNERSTROM,GOTEBORG,SE;242;;
121;VÄSTTRAFIK AB,GOTEBORG,SE;239;;
122;HALLON.SE,Stockholm,SE;238;;
123;HALLON.SE,Stockholm,SE;235;;
124;NETFLIX.COM,020790637,NL;227;;
125;EKLANDA KROG,MOLNDAL,SE;226;;
126;BAUHAUS SISJON,VESTRA FROLUN,SE;226;;
127;BAUHAUS SISJON,VESTRA FROLUN,SE;226;;
128;MAT;225;;
129;VÄSTTRAFIK AB,GOTEBORG,SE;224;;
130;VÄSTTRAFIK AB,GOTEBORG,SE;222;;
131;HEYNOW.AI,Goteborg,SE;219;;
132;PRESSBYRÅN 4228100,GÖTEBORG,SE;217;;
133;7 ELEVEN 4317142,GÖTEBORG,SE;215;;
134;HARVEST BY MANNERSTROM,GOTEBORG,SE;215;;
135;CIRCLE K ASKIM,ASKIM,SE;212;;
136;VÄSTTRAFIK AB,GOTEBORG,SE;209;;
137;GOOGLE*GOOGLE,INTERNET,GB; CLEVELAND BOROUGH COUNCIL;206;
138;Flixbus;206;;
139;VÄSTTRAFIK AB,GOTEBORG,SE;205;;
140;VÄSTTRAFIK AB,GOTEBORG,SE;205;;
141;HARVEST BY MANNERSTROM,GOTEBORG,SE;s Lynn Nhs Foundation Trust;202;
142;VÄSTTRAFIK AB,GOTEBORG,SE;200;;
143;VÄSTTRAFIK AB,GOTEBORG,SE;197;;
144;Bekräfta laddning av 072965418;196;;
145;Tillf mobil freja;195;;
146;VÄSTTRAFIK AB,GOTEBORG,SE;191;;
147;VÄSTTRAFIK AB,GOTEBORG,SE;190;;
148;CIRCLE K ASKIM,ASKIM,SE;190;;
149;TANKA SISJON,GOTEBORG,SE;189;;
150;HARVEST BY MANNERSTROM,GOTEBORG,SE;189;;
151;K*Coop.se;187;;
152;K*Coop.se;187;;
153;Överf ISK;186;;
154;Överf ISK;184;;
155;Spotify P11E7660D7,Stockholm,SE;183;;
156;KJELL & CO 51,VASTRA FROLUN,SE;183;;
157;VÄSTTRAFIK AB,GOTEBORG,SE;182;;
158;VÄSTTRAFIK AB,GOTEBORG,SE;181;;
159;HEMKÖP VÄSTRA FRÖLUNDA,VÄSTRA FRÖLUN,SE;179;;
160;IKANO BANK AB - PREEM;179;;
161;MAT;178;;
162;STORA COOP SISJÖN,ASKIM,SE;177;;
163;MCDONALDS 222 V,VETLANDA,SE;176;;
164;MCD ULRICEHAMN,ULRICEHAMN,SE;175;;
165;CIRCLE K NESSJO,NESSJO,SE;169;;
166;VÄSTTRAFIK AB,GOTEBORG,SE;169;;
167;Jysk Vetlanda,Vetlanda,SE;168;;
168;MCD 97 - BORAS,BORAS,SE;168;;
169;MAXI ICA STORMARKNAD V,VETLANDA,SE;168;;
170;DJURENS VÄRLD,VETLANDA,SE;167;;
171;9025.19.457.76;166;;
172;Avbetalning bil Fredrik;164;;
173;9023.78.887.28;164;;
174;NETS*collagefoto.se,Malmo,SE; Vehicle Licensing Agency;164;
175;LLOYDSAPOTEK102,Hovaas,SE;163;;
176;VÄSTTRAFIK AB,GOTEBORG,SE;163;;
177;VÄSTTRAFIK AB,GOTEBORG,SE;161;;
178;ICA KVANTUM HOVAS,HOVAS,SE;159;;
179;Däcklagning;159;;
180;VÄSTTRAFIK AB,GOTEBORG,SE;159;;
181;VÄSTTRAFIK AB,GOTEBORG,SE;158;;
182;MAXI ICA STORMARKNAD H,VASTRA FROLUN,SE;157;;
183;Skolkatalog;154;;
184;VÄSTTRAFIK AB,GOTEBORG,SE;154;;
185;VÄSTTRAFIK AB,GOTEBORG,SE;153;;
186;DUYTAN,Goteborg,SE;151;;
187;STORA COOP SISJÖN,ASKIM,SE; COMMONWEALTH OFFICE;150;
188;Västtrafik AB,Goteborg,SE;150;;
189;Västtrafik AB,Goteborg,SE;150;;
190;HERTZ SWEDEN FRANCHISE,DUBLIN,IE;148;;
191;IKEA-KALLERED,KALLERED,SE;148;;
192;BAUHAUS SISJON,VESTRA FROLUN,SE;148;;
193;K-RAUTA,MOLNDAL,SE;147;;
194;Nota Harvest by Mannerström;146;;
195;HEMGLASS GOTEBORG,VASTERAS,SE; SAFETY EXECUTIVE;145;
196;Västtrafik AB,Goteborg,SE;145;;
197;Västtrafik AB,Goteborg,SE;142;;
198;Microsoft*Store,msbill.info,IE;141;;
199;GOOGLE *Google,g.co/helppay#,GB;141;;
200;Västtrafik AB,Goteborg,SE;140;;
201;Västtrafik AB,Goteborg,SE;140;;
202;Mat;139;;
203;Västtrafik AB,Goteborg,SE;139;;
204;APOTEK HJARTAT KUNGSGA,GOTEBORG,SE;139;;
205;Västtrafik AB,Goteborg,SE;137;;
206;Västtrafik AB,Goteborg,SE;136;;
207;Västtrafik AB,Goteborg,SE;135;;
208;Västtrafik AB,Goteborg,SE; QUADRANT HOUSING TRUST LIMITED;134;
209;Västtrafik AB,Goteborg,SE;133;;
210;HARVEST BY MANNERSTROM,GOTEBORG,SE;132;;
211;CIRCLE K GOTEBORG MARK,GOTEBORG,SE;132;;
212;Västtrafik AB,Goteborg,SE;132;;
213;NRG PIZZA 225,JONKOPING,SE;132;;
214;ST1 VETLANDA,EKENÄSSJÖN,SE;131;;
215;SHELL BOTTNARYD,BOTTNARYD,SE;131;;
216;MCD 97 - BORAS,BORAS,SE;129;;
217;MCDONALDS HULTA,BORAS,SE;129;;
218;Västtrafik AB,Goteborg,SE;128;;
219;CIRCLE K GOTEBORG MARK,GOTEBORG,SE;128;;
220;CIRCLE K GOTEBORG MARK,GOTEBORG,SE;128;;
221;Västtrafik AB,Goteborg,SE;128;;
222;CIRCLE K NESSJO,NESSJO,SE;127;;
223;Fredrik Moberg;127;;
224;Västtrafik AB,Goteborg,SE;127;;
225;Västtrafik AB,Goteborg,SE;126;;
226;K*Coop.se;126;;
227;Västtrafik AB,Goteborg,SE;125;;
228;MR GATSBY PIZZERIA,Askim,SE;123;;
229;Västtrafik AB,Goteborg,SE;123;;
230;Västtrafik AB,Goteborg,SE;123;;
231;Västtrafik AB,Goteborg,SE;123;;
232;TAPETKLISTTER;123;;
233;BARN MOBIL; East Yorkshire Hospitals Nhs Trust;122;
234;MAT;122;;
235;HALLON.SE,Stockholm,SE;121;;
236;HALLON.SE,Stockholm,SE;121;;
237;MCDONALDS MOLND,MOLNDAL,SE;121;;
238;IKEA-KALLERED,KALLERED,SE;119;;
239;NETFLIX.COM,Amsterdam,NL;119;;
240;STORA COOP SISJÖN,ASKIM,SE; SOMERSET FIRE &amp; RESCUE SERVICE;117
241;BAUHAUS SISJON,VESTRA FROLUN,SE;116;;
242;O LEARYS GOTEBO,GOTEBORG,SE;116;;
243;O LEARYS GOTEBO,GOTEBORG,SE;115;;
244;O LEARYS GOTEBO,GOTEBORG,SE; SUPPORT;114;
245;CIRCLE K ASKIM,ASKIM,SE;114;;
246;STORA COOP SISJÖN,ASKIM,SE;113;;
247;Fredrik Moberg;109;;
248;Västtrafik AB,Goteborg,SE;109;;
249;Västtrafik AB,Goteborg,SE;109;;
250;Västtrafik AB,Goteborg,SE;109;;
251;Västtrafik AB,Goteborg,SE;108;;
252;Beställning The Hive;108;;
253;Fam moberg;107;;
254;Nota Harvest by Mannerström;107;;
255;Västtrafik AB,Goteborg,SE;106;;
256;JULA AB,ASKIM,SE;106;;
257;XXL SPORT &VILD,ASKIM,SE;106;;
258;Nota Harvest by Mannerström;105;;
259;CIRCLE K ASKIM,ASKIM,SE;105;;
260;GRENNAS BISTRO AB,GRENNA,SE;105;;
261;GRENNA KONFEKTYR,GRANNA,SE;104;;
262;ICA NARA KRYSSET  VIRS,VIRSERUM,SE;S   ISS   CORSHAM;104;
263;CIRCLE K BOLLEBYGD,BOLLEBYGD,SE;104;;
264;CIRCLE K BOLLEBYGD,BOLLEBYGD,SE;104;;
265;K*Smartphoto;104;;
266;BURGER KING VIA,BORAS,SE;104;;
267;STORA COOP SISJÖN,ASKIM,SE;103;;
268;ICA NARA KRYSSET  VIRS,VIRSERUM,SE;101;;
269;ICA NARA KRYSSET  VIRS,VIRSERUM,SE;101;;
270;COOP KONSUM VIRSERUM,VIRSERUM,SE;101;;
271;Överf ISK; HOVE CITY COUNCIL;100;
272;Överf ISK;99;;
273;Mat Virserum;99;;
274;CIRCLE K ASKIM,ASKIM,SE;99;;
275;CIRCLE K NESSJO,NESSJO,SE;98;;
276;FREDRIK MOBERG;98;;
277;K*Coop.se;98;;
278;9025.19.457.76;98;;
279;Avbetalning bil Fredrik;97;;
280;9023.78.887.28;HPP);97;
281;FLUGGER AB S027,Askim,SE; KNOWSLEY TEACHING HOSPITALS NHS TRUST;97;
282;iZ *Svanstrom  Lin,Styrso,SE;97;;
283;iZ *Svanstrom  Lin,Styrso,SE;96;;
284;Spotify P1163C1786,Stockholm,SE;95;;
285;LIDL 274/GBG FROLUNDA,GOTEBORG,SE;95;;
286;Fredrik Moberg;94;;
287;GOOGLE *Google Play Ap,g.co/HelpPay#,IE;93;;
288;BILTEMA SWEDEN SISJON,VESTRA FROLUN,SE;93;;
289;PREEM,ASKIM,SE;93;;
290;PREEM,ASKIM,SE;93;;
291;BAUHAUS SISJON,VESTRA FROLUN,SE;92;;
292;Mat;92;;
293;HERTZ SWEDEN FRANCHISE,DUBLIN,IE;92;;
294;CIRCLE K NESSJO,NESSJO,SE;92;;
295;EKHAGENS PIZZERIA,JÖNKÖPING,SE;91;;
296;COOP KONSUM VIRSERUM,VIRSERUM,SE;91;;
297;ICA NARA KRYSSET  VIRS,VIRSERUM,SE;91;;
298;MCD 066 - A6 MC,JONKOPING,SE;91;;
299;LINDEX/39,OSKARSHAMN,SE;91;;
300;Bensib;90;;
301;Mat;90;;
302;MICROSOFT*MICROSOFT 36,MSBILL.INFO,IE;90;;
303;BAUHAUS SISJON,VESTRA FROLUN,SE;89;;
304;WILLYS SISJÖN,ASKIM,SE;89;;
305;ÅTERBETALNIN;89;;
306;COLORAMA ASKIM,ASKIM,SE;88;;
307;COLORAMA ASKIM,ASKIM,SE;87;;
308;MAXI ICA STORMARKNAD H,VASTRA FROLUN,SE;87;;
309;WILLYS SISJÖN,ASKIM,SE;87;;
310;PARKERINGSBOLAGET,GOTEBORG,SE;87;;
311;CIRCLE K ASKIM,ASKIM,SE; Cleveland Borough Council;87;
312;JULA AB,ASKIM,SE;86;;
313;BAUHAUS SISJON,VESTRA FROLUN,SE;86;;
314;RUSTA SISJON 46,ASKIM,SE;86;;
315;Flyttsaker;86;;
316;biltema lampa;85;;
317;CLAS OHLSON,ASKIM,SE;85;;
318;CIRCLE K ASKIM,ASKIM,SE;85;;
319;SPORTSHOPEN SIS,ASKIM,SE;84;;
320;HALLON.SE,Stockholm,SE;84;;
321;NETFLIX.COM,020790637,NL;84;;
322;HALLON.SE,Stockholm,SE;83;;
323;GOOGLE  Google Play Ap,London,GB;83;;
324;SMSPARK.SE,MOLNDAL,SE;83;;
325;K*Coop.se;83;;
326;Jysk Vastra Frolunda,Vastra Frolun,SE;82;;
327;INTERSPORT GOTE,VASTRA FROLUN,SE; Staffordshire Moorlands District Council;82;
328;CIRCLE K ASKIM,ASKIM,SE;82;;
329;REPAIRHOUSE AB,Vastra Frolun,SE;82;;
330;SPORTSHOPEN SIS,ASKIM,SE;81;;
331;XXL SPORT &VILD,ASKIM,SE;81;;
332;BILTEMA SWEDEN SISJON,VESTRA FROLUN,SE;81;;
333;KLÄDER BARNEN;80;;
334;MAT;80;;
335;WILLYS;80;;
336;WILLYS SISJÖN,ASKIM,SE;80;;
337;GYLLENE KORVEN,Askim,SE;79;;
338;Överf ISK;79;;
339;Överf ISK;79;;
340;ASKIMS CAMPING,ASKIM,SE;77;;
341;ASKIMS CAMPING,ASKIM,SE;77;;
342;GOOGLE  Google Play Ap,London,GB;77;;
343;K*Coop.se;77;;
344;XXL SPORT &VILD,ASKIM,SE;76;;
345;IKANO BANK AB - PREEM;76;;
346;MAT;75;;
347;BILTEMA SWEDEN SISJON,VESTRA FROLUN,SE;75;;
348;9025.19.457.76;74;;
349;Avbetalning bil Fredrik;74;;
350;9023.78.887.28;73;;
351;Spotify P1102EA02C,Stockholm,SE;73;;
352;ICA KVANTUM FROLUNDA,VASTRA FROLUN,SE;73;;
353;Blocketannons 20 kr;73;;
354;Blocketannons 30 kr;73;;
355;Mat;73;;
356;Blocketannons 50 kr;73;;
357;Fredrik Moberg;73;;
358;GOTEBORGS GODISAFFAR,ASKIM,SE;73;;
359;STORA COOP SISJÖN,ASKIM,SE;72;;
360;BILTEMA SWEDEN SISJON,VESTRA FROLUN,SE;72;;
361;Mat;72;;
362;Cykel g;72;;
363;ASKIMS CAMPING,ASKIM,SE;71;;
364;Microsoft*Microsoft 36,msbill.info,IE;71;;
365;BILTEMA SWEDEN SISJON,VESTRA FROLUN,SE;71;;
366;ICA KVANTUM FROLUNDA,VASTRA FROLUN,SE;70;;
367;PREEM,ASKIM,SE;70;;
368;STORA COOP SISJÖN,ASKIM,SE;69;;
369;BAUHAUS SISJON,VESTRA FROLUN,SE;69;;
370;BILTEMA SWEDEN SISJON,VESTRA FROLUN,SE;69;;
371;WILLYS SISJÖN,ASKIM,SE;69;;
372;WILLYS SISJÖN,ASKIM,SE;69;;
373;Fredrik Moberg;69;;
374;Fredrik Moberg;68;;
375;CIRCLE K ASKIM,ASKIM,SE;68;;
376;Mat;68;;
377;ICA KVANTUM FROLUNDA,VASTRA FROLUN,SE;68;;
378;CLAS OHLSON,ASKIM,SE;67;;
379;RUSTA SISJON 46,ASKIM,SE;67;;
380;TRIUMF GLASS OCH GODIS,VESTRA FROLUN,SE;67;;
381;OKQ8,VÄSTRA FRÖLUN,SE;67;;
382;ICA KVANTUM FROLUNDA,VASTRA FROLUN,SE;67;;
383;Fredrik Moberg;67;;
384;Mat;66;;
385;MEKONOMENTORPAV,GÖTEBORG,SE;66;;
386;CIRCLE K GOTEBORG MUNK,GOTEBORG,SE;66;;
387;ICA KVANTUM FROLUNDA,VASTRA FROLUN,SE;66;;
388;KD APOTEK,ASKIM,SE;66;;
389;JULA AB,ASKIM,SE;66;;
390;ASKIMS CAMPING,ASKIM,SE;65;;
391;ASKIMS CAMPING,ASKIM,SE;65;;
392;ASKIMSBADET,ASKIM,SE;65;;
393;ASKIMSBADET,ASKIM,SE;65;;
394;WILLYS SISJÖN,ASKIM,SE;65;;
395;BRODHUSET,ASKIM,SE;65;;
396;MAT  WILLY;65;;
397;MAT;64;;
398;MAT WILLYS;64;;
399;HALLON GUSTAF;64;;
400;HALLON FREJA;64;;
401;PLANTAGEN ASKIM,ASKIM,SE;64;;
402;BLOMSTERLANDET,ASKIM,SE;64;;
403;WILLYS SISJÖN,ASKIM,SE;63;;
404;PARKERINGSBOLAGET,GOTEBORG,SE; Deane Borough Council;63;
405;HALLON.SE,Stockholm,SE;63;;
406;HALLON.SE,Stockholm,SE;62;;
407;GOOGLE  Google Play Ap,London,GB;62;;
408;NETFLIX.COM,020790637,NL;62;;
409;GOOGLE  Google Play Ap,London,GB; Sport;62;
410;APOTEK HJARTAT ICA MAX,VASTRA FROLUN,SE;62;;
411;MAXI ICA STORMARKNAD H,VASTRA FROLUN,SE; Transplant;62;
412;BILTEMA SWEDEN SISJON,VESTRA FROLUN,SE;61;;
413;ICA NARA HAGA,GOTEBORG,SE;60;;
414;INET RINGON,GOTEBORG,SE;60;;
415;INTER BOWLING MAJORNA,GOTEBORG,SE;60;;
416;PARKERINGSBOLAGET,GOTEBORG,SE;59;;
417;CLAS OHLSON,ASKIM,SE;59;;
418;WILLYS SISJÖN,ASKIM,SE;59;;
419;ICA KVANTUM FROLUNDA,VASTRA FROLUN,SE;59;;
420;CLAS OHLSON,FROLUNDA TORG,SE;59;;
421;Överf ISK;59;;
422;Överf ISK;59;;
423;GOOGLE  Google Play Apps,London,GB;58;;
424;PodMe,Stockholm,SE;58;;
425;BEERISTA,GOTEBORG,SE;58;;
426;9025.19.457.76;58;;
427;Avbetalning bil Fredrik;58;;
428;9023.78.887.28;58;;
429;IKANO BANK AB - PREEM;57;;
430;9023.94.307.61; Investments;57;
431;9023.94.307.61;57;;
432;SANGUINE,GOTEBORG,SE;57;;
433;Fredrik Moberg;57;;
434;WILLYS SISJÖN,ASKIM,SE;57;;
435;GOTEBORGS BOTANISKA TR,GOTEBORG,SE;56;;
436;GOTEBORGS BOTANISKA TR,GOTEBORG,SE;56;;
437;LIDL 274/GBG FROLUNDA,GOTEBORG,SE;56;;
438;PARKERINGSBOLAGET,GOTEBORG,SE;56;;
439;ECO & FAIR,GOTEBORG,SE;56;;
440;PARKERINGSBOLAGET,GOTEBORG,SE;56;;
441;Fredrik Moberg;56;;
442;Mat;56;;
443;Fredrik Moberg;55;;
444;GOOGLE *Google Play Ap,g.co/HelpPay#,IE;55;;
445;ICA KVANTUM HOVAS,HOVAS,SE;55;;
446;STORA COOP SISJÖN,ASKIM,SE;55;;
447;Spotify P109911445,Stockholm,SE;55;;
448;MR GATSBY PIZZERIA,Askim,SE;55;;
449;RUSTA SISJON 46,ASKIM,SE;55;;
450;BAUHAUS SISJON,VESTRA FROLUN,SE;55;;
451;BAUHAUS SISJON,VESTRA FROLUN,SE;55;;
452;RESTAURANG GREENS,VESTRA FROLUN,SE;55;;
453;BAUHAUS SISJON,VESTRA FROLUN,SE;55;;
454;FLUGGER AB S027,Askim,SE;55;;
455;iZ *Boguro AB,GOTEBORG,SE;54;;
456;CIRCLE K GOTEBORG HJAL,GOTEBORG,SE;54;;
457;PARKERINGSBOLAGET,GOTEBORG,SE;54;;
458;STORA COOP SISJÖN,ASKIM,SE;54;;
459;BAUHAUS SISJON,VESTRA FROLUN,SE;53;;
460;BAUHAUS SISJON,VESTRA FROLUN,SE;53;;
461;STORA COOP SISJÖN,ASKIM,SE;53;;
462;GOOGLE *Google Play Ap,g.co/HelpPay#,IE; Malling Borough Council;53;
463;STORA COOP SISJON,ASKIM,SE;53;;
464;BAUHAUS SISJON,VESTRA FROLUN,SE;52;;
465;FLÄKTPLATTA;52;;
466;MAT WILLY;52;;
467;MAT VIRSERUM;52;;
468;ICA KVANTUM FROLUNDA,VASTRA FROLUN,SE;52;;
469;MR GATSBY PIZZERIA,ASKIM,SE;52;;
470;PA SPARET,VIMMERBY,SE;52;;
471;MICROSOFT*MICROSOFT 365 P,MSBILL.INFO,IE;52;;
472;Vasttrafik AB,Goteborg,SE; Rescue Service;52;
473;NYA*Toalett,46031920985,SE;52;;
474;7-ELEVEN 4324101,GOTEBORG,SE;52;;
475;7-ELEVEN 4324101,GOTEBORG,SE;52;;
476;ESPRESSO HOUSE 317,NASSJO,SE;51;;
477;ICA NARA KRYSSET  VIRSERU,VIRSERUM,SE;51;;
478;ICA NARA KRYSSET  VIRSERU,VIRSERUM,SE;51;;
479;PRESSBYRAN 4128810,GOTEBORG,SE;S ORGANISATION;51;
480;PRALINEHUSET H.R AB,GOTEBORG,SE;51;;
481;BURGER KING JAR,GOTEBORG,SE;51;;
482;TAXI GOTEBORG,GOTEBORG,SE;51;;
483;APOTEKSHOP CENTRALEN,GOETEBORG,SE; TRANSPLANT;50;
484;Taxi;50;;
485;Conpeed apotek;50;;
486;Presenter;50;;
487;STORA COOP SISJON,ASKIM,SE;50;;
488;AKADEMIBOKHANDE,GOTEBORG,SE;49;;
489;AKADEMIBOKHANDE,VASTRA FROLU,SE;49;;
490;AKADEMIBOKHANDE,VASTRA FROLU,SE;49;;
491;KICKS V FROELUNDA,VAESTRA FROEL,SE;49;;
492;Mobil;49;;
493;Mat;49;;
494;JOHN SCOTT'S,MOLNDAL,SE;49;;
495;JOHN SCOTT'S,MOLNDAL,SE;48;;
496;JOHN SCOTT'S,MOLNDAL,SE;48;;
497;KJELL & CO 51,VASTRA FROLUN,SE;48;;
498;MR GATSBY PIZZERIA,ASKIM,SE;48;;
499;NETFLIX.COM,Amsterdam,NL;47;;
500;HALLON.SE,STOCKHOLM,SE;47;;
501;HALLON.SE,STOCKHOLM,SE;47;;
502;BAUHAUS; WEST NORFOLK BOROUGH COUNCIL;47;
503;MAT WILLYS;47;;
504;BAUHAUS SISJON,VESTRA FROLUN,SE;47;;
505;MCDONALDS MOLND,MOLNDAL,SE;47;;
506;PARKERINGSBOLAGET,GOTEBORG,SE;47;;
507;PREEM,ASKIM,SE;s Office;47;
508;Överf ISK;46;;
509;Överf ISK;46;;
510;MAXI ICA STORMARKNAD HOGS,VASTRA FROLUN,SE;46;;
511;9023.94.307.61;46;;
512;IKANO BANK AB - PREEM;46;;
513;MAT;46;;
514;CORONA TEST;46;;
515;ICA KVANTUM FROLUNDA,VASTRA FROLUN,SE;46;;
516;KRY.SE,STOCKHOLM,SE;45;;
517;9025.19.457.76;45;;
518;Avbetalning bil Fredrik;45;;
519;9023.78.887.28;45;;
520;SwishPaymentMessage;45;;
521;Spotify P10409D9E4,Stockholm,SE;45;;
522;SwishPaymentMessage;45;;
523;Mat virserum;45;;
524;MCDONALDS FROLU,VASTRA FROLUN,SE;45;;
525;STORA COOP SISJON,ASKIM,SE; St. Georges Mental Health NHS Trust;45;
526;TILL G & F;44;;
527;SwishPaymentMessage;44;;
528;Fredrik Moberg;44;;
529;Fredrik Moberg;44;;
530;Fredrik Moberg;44;;
531;Fredrik Moberg;44;;
532;WILLYS SISJON,ASKIM,SE;44;;
533;ICA KVANTUM FROLUNDA,VASTRA FROLUN,SE;44;;
534;Fredrik Moberg;44;;
535;APOTEK HJARTAT ICA MAXI H,VASTRA FROLUN,SE;43;;
536;STORA COOP SISJON,ASKIM,SE;43;;
537;Compeed igen;43;;
538;Compeed;43;;
539;PLANTAGEN ASKIM,ASKIM,SE;43;;
540;SOTA BAR SWEDEN AB,KUNGALV,SE;43;;
541;STORA COOP SISJON,ASKIM,SE;43;;
542;Fredrik Moberg;43;;
543;SYSTEMBOLAGET ASKIM,ASKIM,SE;42;;
544;Storytel Sweden AB,Stockholm,SE;42;;
545;Fredrik Moberg;42;;
546;MAXI ICA STORMARKNAD HOGS,VASTRA FROLUN,SE;42;;
547;PREEM,ASKIM,SE;42;;
548;MYCASE-PODRUZNICA ZAGR,ZAGREB,HR; Bromsgrove District Councils;42;
549;GP.SE,INTERNET,SE;41;;
550;Fredrik Moberg;41;;
551;Mat midsommar;41;;
552;STORA COOP SISJON,ASKIM,SE;41;;
553;Mobilskal Gustaf; Somerset Constabulary;41;
554;K*Ian & Burt;41;;
555;RUSTA SISJON 46,ASKIM,SE;41;;
556;ICA KVANTUM FROLUNDA,VASTRA FROLUN,SE;41;;
557;MCDONALDS FROLU,VASTRA FROLUN,SE;41;;
558;IKANO BANK AB - PREEM;41;;
559;Mat;40;;
560;Mat;40;;
561;Lakan;40;;
562;COOP KONSUM VIRSERUM,VIRSERUM,SE;40;;
563;Mat coop;40;;
564;Mat coop;40;;
565;COOP KONSUM VIRSERUM,VIRSERUM,SE;40;;
566;Microsoft*Microsoft 365 P,msbill.info,IE;40;;
567;MAXI ICA STORMARKNAD HOGS,VASTRA FROLUN,SE;40;;
568;SK7512235974;39;;
569;BAUHAUS SISJON,VESTRA FROLUN,SE;39;;
570;BAUHAUS SISJON,VESTRA FROLUN,SE;39;;
571;BAUHAUS SISJON,VESTRA FROLUN,SE;39;;
572;BAUHAUS SISJON,VESTRA FROLUN,SE;38;;
573;Kylväska;38;;
574;Mat;38;;
575;WILLYS SISJON,ASKIM,SE;38;;
576;PREEM,ASKIM,SE;38;;
577;APOTEK HJARTAT ICA MAXI H,VASTRA FROLUN,SE;38;;
578;MCDONALDS MOLND,MOLNDAL,SE;38;;
579;OKQ8,VASTRA FROLUN,SE;38;;
580;OKQ8,VASTRA FROLUN,SE;38;;
581;MAXI ICA STORMARKNAD HOGS,VASTRA FROLUN,SE;38;;
582;ICA KVANTUM HOVAS,HOVAS,SE;38;;
583;Gustaf Moberg; Sherwood District Council;38;
584;BESIKTA BILPROV,STOCKHOLM,SE;38;;
585;Mat;38;;
586;Fredrik Moberg;38;;
587;Fredrik Moberg;38;;
588;NETFLIX.COM,Amsterdam,NL;37;;
589;BAUHAUS SISJON,VESTRA FROLUN,SE; Portland Borough Council;37;
590;Gustaf Moberg;37;;
591;MCDONALDS FROLU,VASTRA FROLUN,SE;37;;
592;MAXI ICA STORMARKNAD HOGS,VASTRA FROLUN,SE;37;;
593;ICA KVANTUM FROLUNDA,VASTRA FROLUN,SE;37;;
594;ICA KVANTUM FROLUNDA,VASTRA FROLUN,SE;37;;
595;HALLON.SE,STOCKHOLM,SE;37;;
596;HALLON.SE,STOCKHOLM,SE;37;;
597;BESIKTA BILPROV,STOCKHOLM,SE; Transplant;37;
598;VENTIL;37;;
599;BESIKTNING;37;;
600;MAT;37;;
601;MAT VIRSERUM;36;;
602;MCDONALDS FROLU,VASTRA FROLUN,SE;36;;
603;CIRCLE K ASKIM,ASKIM,SE;36;;
604;PARKERINGSBOLAGET,GOTEBORG,SE;36;;
605;MCDONALDS MOLND,MOLNDAL,SE;36;;
606;CIRCLE K MOLNDAL SODERLED,MOLNDAL,SE;36;;
607;ICA NARA KRYSSET  VIRSERU,VIRSERUM,SE;36;;
608;COOP KONSUM VIRSERUM,VIRSERUM,SE;36;;
609;Överf ISK; Fylde College;36;
610;Överf ISK;36;;
611;Kläder Freja Moberg;35;;
612;9025.19.457.76;35;;
613;Avbetalning bil Fredrik;35;;
614;9023.78.887.28;35;;
615;STADIUM SISJON,ASKIM,SE;35;;
616;JULA AB,ASKIM,SE;35;;
617;RUSTA SISJON 46,ASKIM,SE;35;;
618;BAUHAUS SISJON,VESTRA FROLUN,SE;35;;
619;MCDONALDS MOLND,MOLNDAL,SE;35;;
620;WILLYS SISJON,ASKIM,SE;35;;
621;PARKERINGSBOLAGET,GOTEBORG,SE;35;;
622;MAXI ICA STORMARKNAD HOGS,VASTRA FROLUN,SE;35;;
623;MAXI ICA STORMARKNAD HOGS,VASTRA FROLUN,SE;35;;
624;MAXI ICA STORMARKNAD HOGS,VASTRA FROLUN,SE;35;;
625;MR GATSBY PIZZERIA,ASKIM,SE;35;;
626;Bodil Karlsson;34;;
627;Fredrik Moberg;34;;
628;BAUHAUS SISJON,VESTRA FROLUN,SE;34;;
629;ICA KVANTUM FROLUNDA,VASTRA FROLUN,SE;34;;
630;Fredrik Moberg;34;;
631;Fredrik Moberg;34;;
632;Sovsäck;34;;
633;FKASSA;34;;
634;Freja borste;34;;
635;Fredrik Moberg;34;;
636;Snabböverföring;34;;
637;STORA COOP SISJON,ASKIM,SE;33;;
638;BAUHAUS GOTEBORG,HISINGSBACKA,SE;33;;
639;Spotify P0FCFC7EE8,Stockholm,SE;33;;
640;Snabböverföring;33;;
641;BAUHAUS SISJON,VESTRA FROLUN,SE;33;;
642;MCDONALDS FROLU,VASTRA FROLUN,SE;33;;
643;Storytel Sweden AB,Stockholm,SE;33;;
644;BILTEMA SWEDEN SISJON 164,VESTRA FROLUN,SE;33;;
645;CIRCLE K ASKIM,ASKIM,SE;33;;
646;INGO ASKIM SISJON,GOTEBORG,SE;33;;
647;BAUHAUS SISJON,VESTRA FROLUN,SE;33;;
648;Bauhaus;33;;
649;Fredrik Moberg;32;;
650;MCDONALDS FROLU,VASTRA FROLUN,SE;32;;
651;ICA KVANTUM FROLUNDA,VASTRA FROLUN,SE;32;;
652;Fredrik Moberg;32;;
653;BILTEMA SWEDEN SISJON 164,VESTRA FROLUN,SE;32;;
654;IKANO BANK AB - PREEM;32;;
655;MCDONALDS MOLND,MOLNDAL,SE;32;;
656;WILLYS SISJON,ASKIM,SE;32;;
657;KD APOTEK,ASKIM,SE;32;;
658;KD APOTEK,ASKIM,SE;32;;
659;Mat;32;;
660;Fredrik Moberg;32;;
661;APOTEK HJARTAT ICA MAXI H,VASTRA FROLUN,SE;32;;
662;STORA COOP SISJON,ASKIM,SE;32;;
663;BAUHAUS SISJON,VESTRA FROLUN,SE;31;;
664;Microsoft*Microsoft 365 P,msbill.info,IE;31;;
665;MCDONALDS MOLND,MOLNDAL,SE;31;;
666;Lister; Higher Education;31;
667;WILLYS SISJON,ASKIM,SE;31;;
668;CIRCLE K ASKIM,ASKIM,SE;31;;
669;BILTEMA SWEDEN SISJON 164,VESTRA FROLUN,SE;31;;
670;Fredrik Moberg;30;;
671;Snabböverföring;30;;
672;STORA COOP BACKEBOL,HISINGSBACKA,SE;30;;
673;BAUHAUS GOTEBORG,HISINGSBACKA,SE;30;;
674;BAUHAUS SISJON,VESTRA FROLUN,SE;30;;
675;Billogram / faktura;30;;
676;FREDRIK MOBERG;30;;
677;Lister;30;;
678;MCDONALDS MOLND,MOLNDAL,SE;30;;
679;CLAS OHLSON,ASKIM,SE;30;;
680;MCDONALDS MOLND,MOLNDAL,SE;30;;
681;HM SE0249,Vaestra Froel,SE;30;;
682;Kläder barnen;30;;
683;SPORTSHOPEN SIS,ASKIM,SE;30;;
684;NETFLIX.COM,Amsterdam,NL;30;;
685;BILTEMA SWEDEN SISJON 164,VESTRA FROLUN,SE;30;;
686;HALLON.SE,STOCKHOLM,SE;30;;
687;BAUHAUS SISJON,VESTRA FROLUN,SE;30;;
688;HALLON.SE,STOCKHOLM,SE;30;;
689;WILLYS SISJON,ASKIM,SE;30;;
690;PREEM,ASKIM,SE;30;;
691;Listwr;30;;
692;STORA COOP SISJON,ASKIM,SE;29;;
693;BYGGMAX/1216,ASKIM,SE;29;;
694;Överf ISK;29;;
695;BYGGMAX/1216,ASKIM,SE;29;;
696;BYGGMAX/1216,ASKIM,SE;29;;
697;BYGGMAX/1203,KALLERED,SE;29;;
698;Golv;29;;
699;WILLYS SISJON,ASKIM,SE;29;;
700;KD APOTEK,ASKIM,SE;29;;
701;Fredrik Moberg;29;;
702;Mat o apotek;29;;
703;Överf ISK; Worcester Fire &amp; Rescue Service;29
704;MCDONALDS FROLU,VASTRA FROLUN,SE;28;;
705;STORA COOP SISJON,ASKIM,SE;28;;
706;9025.19.457.76; West Mercia Police Procurement &amp; Contracts Department;28
707;Avbetalning bil Fredrik;28;;
708;9023.78.887.28;28;;
709;WILLYS SISJON,ASKIM,SE;28;;
710;Star Stable NS9MQID1,Stockholm,SE; Dagenham;28;
711;9023.78.898.13;28;;
712;Nat;28;;
713;Fredrik Moberg;28;;
714;KD APOTEK,ASKIM,SE;28;;
715;Spotify P0F6A01D74,Stockholm,SE;27;;
716;Fredrik Moberg;27;;
717;Freja hämtar bilnyckel;27;;
718;Disk Stråtjära;27;;
719;Däckbyte;27;;
720;BYGGMAX/1216,ASKIM,SE;27;;
721;Fredrik Moberg;27;;
722;PARKERINGSBOLAGET,GOTEBORG,SE;27;;
723;WILLYS SISJON,ASKIM,SE;27;;
724;bodil;26;;
725;MAXI ICA STORMARKNAD HOGS,VASTRA FROLUN,SE;26;;
726;BAUHAUS SISJON,VESTRA FROLUN,SE;26;;
727;MCDONALDS FROLU,VASTRA FROLUN,SE;26;;
728;WWW.BILTEMA.COM,HELSINGBORG,SE;26;;
729;BILTEMA SWEDEN SISJON 164,VESTRA FROLUN,SE;26;;
730;MAXI ICA STORMARKNAD HOGS,VASTRA FROLUN,SE;26;;
731;MAXI ICA STORMARKNAD HOGS,VASTRA FROLUN,SE;26;;
732;Fredrik Moberg;26;;
733;Microsoft*Office 365 Pers,msbill.info,IE;26;;
734;BAUHAUS SISJON,VESTRA FROLUN,SE;26;;
735;BAUHAUS SISJON,VESTRA FROLUN,SE;26;;
736;Microsoft*Store,msbill.info,IE; Chelsea;26;
737;Microsoft*Store,msbill.info,IE;25;;
738;Microsoft*Store,msbill.info,IE;25;;
739;WILLYS SISJON,ASKIM,SE;25;;
740;MCDONALDS FROLU,VASTRA FROLUN,SE;25;;
741;Jord och gödsel;25;;
742;Mat;25;;
743;MAXI ICA STORMARKNAD HOGS,VASTRA FROLUN,SE;25;;
744;HALLON.SE,STOCKHOLM,SE;25;;
745;ICA KVANTUM FROLUNDA,VASTRA FROLUN,SE;25;;
746;BAUHAUS SISJON,VESTRA FROLUN,SE;25;;
747;CIRCLE K ASKIM,ASKIM,SE;25;;
748;PARKERINGSBOLAGET,GOTEBORG,SE;25;;
749;Regnkläder;25;;
750;Spade;25;;
751;Apotek;25;;
752;Mat;25;;
753;ICA KVANTUM FROLUNDA,VASTRA FROLUN,SE;25;;
754;BAUHAUS SISJON,VESTRA FROLUN,SE;25;;
755;NETFLIX.COM,Amsterdam,NL;25;;
756;STADIUM OUTLET,ASKIM,SE;25;;
757;CIRCLE K ASKIM,ASKIM,SE;25;;
758;APOTEK HJARTAT ICA MAXI H,VASTRA FROLUN,SE;25;;
759;ICA KVANTUM HOVAS,HOVAS,SE;25;;
760;MAXI ICA STORMARKNAD HOGS,VASTRA FROLUN,SE;25;;
761;HALLON.SE,STOCKHOLM,SE;25;;
762;MCDONALDS FROLU,VASTRA FROLUN,SE;24;;
763;Mat;24;;
764;UDEMY: ONLINE COURSES,DUBLIN 2,IE;24;;
765;PARKERINGSBOLAGET,GOTEBORG,SE;24;;
766;WILLYS SISJON,ASKIM,SE;24;;
767;MCDONALDS FROLU,VASTRA FROLUN,SE;24;;
768;CIRCLE K ASKIM,ASKIM,SE;24;;
769;HBO NORDIC AB,0770-455000,SE; INNOVATION;24;
770;CIRCLE K ASKIM,ASKIM,SE;24;;
771;CIRCLE K ASKIM,ASKIM,SE;24;;
772;WILLYS SISJON,ASKIM,SE;24;;
773;Överf ISK;24;;
774;Överf ISK;24;;
775;MAXI ICA STORMARKNAD HOGS,VASTRA FROLUN,SE; LOCAL GOVERNMENT;24;
776;ICA NARA HAGA,GOTEBORG,SE;24;;
777;PARKERINGSBOLAGET,GOTEBORG,SE;23;;
778;ICA SUPERMARKET AKERED,VASTRA FROLUN,SE;23;;
779;Fredrik Moberg;23;;
780;MCDONALDS MOLND,MOLNDAL,SE;23;;
781;PARKERINGSBOLAGET,GOTEBORG,SE;23;;
782;PARKERINGSBOLAGET,GOTEBORG,SE;23;;
783;9023.78.898.13;23;;
784;ICA KVANTUM FROLUNDA,VASTRA FROLUN,SE;23;;
785;PARKERINGSBOLAGET,GOTEBORG,SE;23;;
786;PARKERINGSBOLAGET,GOTEBORG,SE;23;;
787;9025.19.457.76;23;;
788;Avbetalning bil Fredrik;23;;
789;9023.78.887.28;23;;
790;Fredrik Moberg;23;;
791;MCDONALDS FROLU,VASTRA FROLUN,SE;23;;
792;PREEM,ASKIM,SE;23;;
793;PARKERINGSBOLAGET,GOTEBORG,SE;23;;
794;ICA SUPERMARKET AKERED,VASTRA FROLUN,SE;23;;
795;SwishPaymentMessage;23;;
796;ICA KVANTUM FROLUNDA,VASTRA FROLUN,SE;23;;
797;PARKERINGSBOLAGET,GOTEBORG,SE;23;;
798;Bodil Karlsson;23;;
799;Spotify P0F05356AF,Stockholm,SE;22;;
800;PARKERINGSBOLAGET,GOTEBORG,SE;22;;
801;Fredrik Moberg;22;;
802;MCDONALDS FROLU,VASTRA FROLUN,SE;22;;
803;MCDONALDS MOLND,MOLNDAL,SE;22;;
804;PARKERINGSBOLAGET,GOTEBORG,SE;22;;
805;PARKERINGSBOLAGET,GOTEBORG,SE;22;;
806;K*Apotea AB;22;;
807;idrottsrabatten Freja Moberg;22;;
808;Fredrik Moberg;22;;
809;idrottsrabatten Gustaf Moberg;22;;
810;Paynova AB (publ);22;;
811;IKANO BANK AB - PREEM;22;;
812;FREDRIK MOBERG;22;;
813;FREDRIK MOBERG;22;;
814;MAXI ICA STORMARKNAD HOGS,VASTRA FROLUN,SE;22;;
815;WILLYS SISJON,ASKIM,SE;22;;
816;LIFE SISJON,ASKIM,SE;22;;
817;CIRCLE K ASKIM,ASKIM,SE;22;;
818;STORA COOP SISJON,ASKIM,SE;22;;
819;PARKERINGSBOLAGET,GOTEBORG,SE;21;;
820;MCDONALDS FROLU,VASTRA FROLUN,SE;21;;
821;PodMe,Stockholm,SE;21;;
822;BILTEMA SWEDEN SISJON 164,VESTRA FROLUN,SE;21;;
823;Fredrik Moberg;21;;
824;BILTEMA SWEDEN SISJON 164,VESTRA FROLUN,SE;21;;
825;JULA AB,ASKIM,SE;21;;
826;WILLYS HEMMA PAVELUND,VASTRA FROLUN,SE;21;;
827;MCDONALDS FROLU,VASTRA FROLUN,SE;21;;
828;MCD 238 GBG, RA,GOTEBORG,SE; Benefit Fund;21;
829;RUSTA SISJON 46,ASKIM,SE;21;;
830;WILLYS SISJON,ASKIM,SE;21;;
831;STORA COOP BACKAPLAN,GOTEBORG,SE;21;;
832;Fredrik Moberg;21;;
833;MAXI ICA STORMARKNAD HOGS,VASTRA FROLUN,SE;21;;
834;WILLYS SISJON,ASKIM,SE;21;;
835;ELCYKEL GOTEBORG BUTIK  N,GOTEBORG,SE;21;;
836;Fredrik Moberg;21;;
837;Fredrik Moberg;21;;
838;16232 - NETTO GOTEBORG,GOTEBORG,SE;21;;
839;HALLON.SE,STOCKHOLM,SE;21;;
840;Microsoft*Office 365 Pers,msbill.info,IE;20;;
841;PARKERINGSBOLAGET,GOTEBORG,SE;20;;
842;IZ *LINDAS INNEBAN,HOVAS,SE;20;;
843;FOTBOLL FREJ;20;;
844;NETFLIX.COM,Amsterdam,NL;20;;
845;STORA COOP SISJON,ASKIM,SE;20;;
846;mat;20;;
847;ICA NARA TOPPEN  GOTEBORG,GOTEBORG,SE;20;;
848;16232 - NETTO GOTEBORG,GOTEBORG,SE;20;;
849;HBO NORDIC AB,0770-455000,SE;20;;
850;PARKERINGSBOLAGET,GOTEBORG,SE;20;;
851;PARKERINGSBOLAGET,GOTEBORG,SE;20;;
852;PARKERINGSBOLAGET,GOTEBORG,SE;20;;
853;IZ *LINDAS INNEBAN,HOVAS,SE; Resources Action Programme;20;
854;SHELL GOTEBORG,GOTEBORG,SE;20;;
855;16232 - NETTO GOTEBORG,GOTEBORG,SE;20;;
856;ALBATROSS GOLFK,HISINGS BACK,SE;20;;
857;Fredrik Moberg;20;;
858;IKANO BANK AB - PREEM;20;;
859;Överf ISK;20;;
860;Överf ISK;20;;
861;MCDONALDS FROLU,VASTRA FROLUN,SE;20;;
862;PARKERINGSBOLAGET,GOTEBORG,SE;20;;
863;16232 - NETTO GOTEBORG,GOTEBORG,SE; Rescue Service;20;
864;PARKERINGSBOLAGET,GOTEBORG,SE;20;;
865;9023.78.898.13;20;;
866;WILLYS SISJON,ASKIM,SE;20;;
867;KD APOTEK,ASKIM,SE;20;;
868;9025.19.457.76;20;;
869;Avbetalning bil Fredrik;20;;
870;9023.78.887.28;20;;
871;Fredrik Moberg;20;;
872;BOUNCE HOVAAS AB,HOVAAS,SE;20;;
873;BOUNCE HOVAAS AB,HOVAAS,SE;19;;
874;ICA KVANTUM HOVAS,HOVAS,SE;19;;
875;7401262980;19;;
876;WILLYS SISJON,ASKIM,SE;19;;
877;STADIUM SISJON,ASKIM,SE;19;;
878;STORA COOP SISJON,ASKIM,SE;19;;
879;HM SE0249,Vaestra Froel,SE;19;;
880;Fredrik Moberg;19;;
881;ICA KVANTUM HOVAS,HOVAS,SE;19;;
882;ICA KVANTUM HOVAS,HOVAS,SE;19;;
883;ICA KVANTUM HOVAS,HOVAS,SE;19;;
884;BILLDALS RIDKLUBB,BILLDAL,SE;19;;
885;Fredrik Moberg;19;;
886;mat;s and Children&#039;s NHS Foundation Trust;19
887;Spotify P0EA6E6096,Stockholm,SE;19;;
888;WILLYS SISJON,ASKIM,SE;19;;
889;K*Lensway BV;19;;
890;Paynova AB (publ);19;;
891;FREDRIK MOBERG;19;;
892;ICA SUPERMARKET HORNDAL,HORNDAL,SE; PIPELINES AGENCY;19;
893;RASTPUNKT LAXA,LAXA,SE;19;;
894;PodMe,Stockholm,SE;19;;
895;WILLYS SISJON,ASKIM,SE;19;;
896;COOP KILAFORS,KILAFORS,SE;19;;
897;LJUNGSTROMS KOK,JERVSO,SE;19;;
898;JARVSOBACKEN,JERVSO,SE;19;;
899;IZ *EFTERTANKE I J,JARVSO,SE;19;;
900;APOTEK HJARTAT E CENTER,SODERHAMN,SE;18;;
901;TEAM SPORTIA SODERHAMN,SODERHAMN,SE;18;;
902;MYSKJE MACKEN,SODERALA,SE;18;;
903;Fredrik Moberg;18;;
904;disk Stråtjära;18;;
905;LJUNGSTROMS KOK,JERVSO,SE;18;;
906;ICA NARA KILAFORS,KILAFORS,SE;18;;
907;Fredrik Moberg;18;;
908;GOOGLE*GOOGLE,INTERNET,GB;18;;
909;Microsoft*Office 365 Pers,msbill.info,IE;18;;
910;OKQ8,BILLDAL,SE;18;;
911;ICA NARA KILAFORS,KILAFORS,SE;18;;
912;COOP KILAFORS,KILAFORS,SE;18;;
913;JARVSOBACKEN,JERVSO,SE;18;;
914;JARVSOBACKEN,JERVSO,SE;18;;
915;JARVSOBACKEN,JERVSO,SE;18;;
916;IZ *BOLLNAS ALPINA,BOLLNAS,SE;18;;
917;IZ *BOLLNAS ALPINA,BOLLNAS,SE;18;;
918;Fredrik Moberg;18;;
919;Toalett,Borlange,SE;18;;
920;PRESSBYRAN 4128810,GOTEBORG,SE;18;;
921;WWW.TELENOR.SE,HELSINGBORG,SE;17;;
922;Fredrik Moberg;17;;
923;BURGER KING JAR,VASTRA FROLUN,SE;17;;
924;STORA COOP SISJON,ASKIM,SE;17;;
925;WILLYS SISJON,ASKIM,SE;17;;
926;KD APOTEK,ASKIM,SE;17;;
927;MCD 238 GBG, RA,GOTEBORG,SE;17;;
928;mat;17;;
929;Fredrik Moberg;17;;
930;Fredrik Moberg;17;;
931;ICA KVANTUM FROLUNDA,VASTRA FROLUN,SE;17;;
932;MCDONALDS FROLU,VASTRA FROLUN,SE;17;;
933;PARKERINGSBOLAGET,GOTEBORG,SE;17;;
934;EASYPARK,2676820639,SE;17;;
935;NETFLIX.COM,Amsterdam,NL;17;;
936;PARKERINGSBOLAGET,GOTEBORG,SE;17;;
937;PARKERINGSBOLAGET,GOTEBORG,SE;17;;
938;ASKIMS SIMOCH,HOVAAS,SE;17;;
939;pjäxor;17;;
940;HBO NORDIC AB,0770-455000,SE;17;;
941;WILLYS HVITFELDTSPLATS,GOTEBORG,SE;17;;
942;BYGGMAX/1204,HISINGSBACKA,SE;16;;
943;ICA KVANTUM FROLUNDA,VASTRA FROLUN,SE;16;;
944;SYSTEMBOLAGET ASKIM,ASKIM,SE;16;;
945;Överf ISK;16;;
946;Överf ISK;16;;
947;Fredrik Moberg;16;;
948;Fredrik Moberg;16;;
949;MCDONALDS FROLU,VASTRA FROLUN,SE;16;;
950;PARKERINGSBOLAGET,GOTEBORG,SE;16;;
951;BAUHAUS SISJON,VESTRA FROLUN,SE;16;;
952;Snabböverföring;16;;
953;9024.12.656.91;16;;
954;Fredrik Moberg;16;;
955;Fredrik Moberg;16;;
956;PREEM,ASKIM,SE;16;;
957;PARKERINGSBOLAGET,GOTEBORG,SE;16;;
958;PARKERINGSBOLAGET,GOTEBORG,SE;16;;
959;ONGO,VASTRA FROLUN,SE;16;;
960;IZ *LINDAS INNEBAN,HOVAS,SE;16;;
961;GOTEBORGS KONST,GOTEBORG,SE;16;;
962;EVA'S PARLEY,GOTEBORG,SE;16;;
963;WILLYS SISJON,ASKIM,SE; South Northamptonshire Council;16;
964;STADIUM SISJON,ASKIM,SE;16;;
965;KAPPAHL 142,V. FROLUNDA,SE;16;;
966;STORA COOP SISJON,ASKIM,SE;16;;
967;skridskor;16;;
968;Fredrik Moberg;16;;
969;BAUHAUS SISJON,VESTRA FROLUN,SE;16;;
970;BAUHAUS SISJON,VESTRA FROLUN,SE;16;;
971;Fredrik Moberg;16;;
972;Fredrik Moberg;16;;
973;9025.19.457.76;16;;
974;Avbetalning bil Fredrik;16;;
975;9023.78.887.28;16;;
976;IKANO BANK AB - PREEM;16;;
977;9023.78.898.13;16;;
978;16232 - NETTO GOTEBORG,GOTEBORG,SE;16;;
979;MEDIA MARKT,VASTRA FROLUN,SE;16;;
980;ELGIGANTEN GBG,SISJON GBG,SE;16;;
981;CLAS OHLSON,ASKIM,SE;15;;
982;MCDONALDS FROLU,VASTRA FROLUN,SE;15;;
983;EASYPARK,2662822077,SE;15;;
984;MR GATSBY PIZZERIA,ASKIM,SE;15;;
985;Spotify P0E48FDF15,Stockholm,SE;15;;
986;MR GATSBY PIZZERIA,ASKIM,SE;15;;
987;BAUHAUS SISJON,VESTRA FROLUN,SE;15;;
988;MCDONALDS MOLND,MOLNDAL,SE;15;;
989;PodMe,Stockholm,SE;15;;
990;BILREP;15;;
991;MCDONALDS FROLU,VASTRA FROLUN,SE;15;;
992;Vasttrafik AB,Goteborg,SE;15;;
993;Vasttrafik AB,Goteborg,SE;15;;
994;MEKONOMEN BILLI,VASTRA FROLU,SE;15;;
995;Fredrik Moberg;15;;
996;STORA COOP SISJON,ASKIM,SE;15;;
997;PARKERINGSBOLAGET,GOTEBORG,SE;15;;
998;Fredrik Moberg;15;;
999;XXL SPORT VILD,ASKIM,SE;15;;
1000;Fredrik Moberg;15;;
1001;Vasttrafik AB,Goteborg,SE;15;;
1002;Vasttrafik AB,Goteborg,SE;15;;
1003;7-ELEVEN 4324101,GOTEBORG,SE;15;;
1004;Microsoft*Office 365 Pers,msbill.info,IE;15;;
1005;STORA COOP SISJON,ASKIM,SE;15;;
1006;MCDONALDS FROLU,VASTRA FROLUN,SE;15;;
1007;Fredrik Moberg;15;;
1008;SHELL VASTRA FR,VASTRA FROLUN,SE;15;;
1009;CIRCLE K ASKIM,ASKIM,SE;15;;
1010;Vasttrafik AB,Goteborg,SE;15;;
1011;Vasttrafik AB,Goteborg,SE;15;;
1012;PRESSBYRAN 4028142,GOTEBORG,SE;15;;
1013;ICA KVANTUM FROLUNDA,VASTRA FROLUN,SE;15;;
1014;NETFLIX.COM,020790637,NL;15;;
1015;BYGGMAX/1216,ASKIM,SE;15;;
1016;mat;15;;
1017;4459;15;;
1018;MAXI ICA STORMARKNAD TORS,TORSLANDA,SE;14;;
