value;fixedOrVariableCost;Category;Category_1;Category_2;Category_3;Comment
4459;;Övrigt;;;;
90296610293;;Boende;;;;
90296610307;;Boende;;;;
90296610315;;Boende;;;;
90296610323;;Boende;;;;
90296610331;;Boende;;;;
90297468296;;;;;;
90620302712;;Boende;;;;
832796936540654;;Spara;;;;
832796936540829;;Spara;;;;
1000 HSB Göteborg Ek. Förening;;Boende;;;;
1000 HSB Göteborg Ek. Förening/Medl;;Boende;;;;
16232 - NETTO GOTEBORG GOTEBOR;;Mat;;;;
16232 - NETTO GOTEBORG,GOTEBORG,SE;;Mat;;;;
2977373834 COLLECTOR;;Övrigt;;;;
330 TEKNIKMAGASINET,VASTRA FROLUN,SE;;Övrigt;;;;
4 GOTT STAMPEN,GOTEBORG,SE;;Mat;;;;
5037.20.012.46;;Övrigt;;;;
7 ELEVEN 4317142,GÖTEBORG,SE;;Mat;;;;
7-ELEVEN 4015213 GOTEBORG;;Mat;;;;
7-ELEVEN 4324101 GOTEBORG;;Mat;;;;
7-ELEVEN 4324101,GOTEBORG,SE;;Mat;;;;
9023.78.886.63;;;;;;
9023.78.886.63;;Övrigt;;;;
9023.78.886.63 saxar o frisyr;;Övrigt;;;;
9023.78.887.01;;Övrigt;;;;
9023.78.887.28;;;;;;
9023.78.887.28;;Övrigt;;;;
9023.78.887.36;;Övrigt;;;;
9023.78.898.13;;;;;;
9023.94.307.61;;;;;;
9024.12.656.91;;;;;;
9025.16.069.12;;;;;;
9025.19.457.76;;;;;;
9025.19.457.76;;Övrigt;;;;
926126 BISTRO A MOLNDA,MOLNDAL,SE;;Mat;;;;
A-RAMAR /DITT GALLERI,GOTEBORG,SE;;Övrigt;;;;
ACTIC SVERIGE A,LERUM,SE;;Fritid;;;;
AHLENS VA FROLUNDA;;Kläder;;;;
AHLENS Vaestra Froelunda,Vaestra Froel,SE;;Kläder;;;;
AKADEMIBOKHANDE,GOTEBORG,SE;;Övrigt;;;;
AKADEMIBOKHANDE,VASTRA FROLU,SE;;Övrigt;;;;
AKAVIA;;Facket;;;;
ALBATROSS GOLFK,HISINGS BACK,SE;;Mat;;;;
ALBERT,GOTEBORG,SE;;Övrigt;;;;
AmazonMktplc*MS9LG7FO4,www.amazon.se,LU;;Presenter;;;;
APCOA PARKING,STOCKHOLM,SE;;Transport;;;;
Apotek;;Sjukvård;;;;
APOTEK HJARTAT AVENYN GO GOTE;;Sjukvård;;;;
APOTEK HJARTAT E CENTER,SODERHAMN,SE;;Sjukvård;;;;
APOTEK HJARTAT ICA MAX,OSKARSHAMN,SE;;Sjukvård;;;;
APOTEK HJARTAT ICA MAX,VASTRA FROLUN,SE;;Sjukvård;;;;
APOTEK HJARTAT ICA MAXI H VAST;;Sjukvård;;;;
APOTEK HJARTAT ICA MAXI H,VASTRA FROLUN,SE;;Sjukvård;;;;
APOTEK HJARTAT KUNGSGA,GOTEBORG,SE;;Sjukvård;;;;
APOTEK HJARTAT LINN GATAN,GOTEBORG,SE;;Sjukvård;;;;
APOTEKET BIET,GOTEBORG,SE;;Sjukvård;;;;
APOTEKET KORSVAGEN,GOTEBORG,SE;;Sjukvård;;;;
APOTEKET OSTRA HAMNNG,GOTEBORG,SE;;Sjukvård;;;;
APOTEKET OSTRA SJUKHUS,GOTEBORG,SE;;Sjukvård;;;;
APOTEKSHOP CENTRALEN,GOETEBORG,SE;;Sjukvård;;;;
APPLE.COM/BILL,020100529,IE;;Övrigt;;;;
ARENA OSKARSHAM OSKARSHAMN;;Fritid;;;;
ARVATO FINANCE AB;;Övrigt;;;;
ASKIMS BIBLIOTE,ASKIM,SE;;Övrigt;;;;
ASKIMS CAMPING,ASKIM,SE;;Mat;;;;
ASKIMS ISHALL BILLDAL;;Fritid;;;;
ASKIMS SIMOCH HOVAAS;;Fritid;;;;
ASKIMS SIMOCH,HOVAAS,SE;;Fritid;;;;
ASKIMSBADET,ASKIM,SE;;Fritid;;;;
Astrid Lindgren;;Övrigt;;;;
ASTRID LINDGREN VERLD,VIMMERBY,SE;;Övrigt;;;;
ASTRID LINDGREN,VIMMERBY,SE;;Övrigt;;;;
ASTRID LINDGRENS VERLD,VIMMERBY,SE;;Övrigt;;;;
ATM ICA KVANTUM HOVAS HOVAS;;Mat;;;;
ATM KONTANTEN4620,ASKIM,SE;;Övrigt;;;;
Avbetalning bil Fredrik;;Transport;;;;
Bahnhof;;Boende;;;;
BARN MOBIL;;Mobil;;;;
Barnens mobil;;Mobil;;;;
Barnens tfn;;Mobil;;;;
BAUHAUS;;Boende;;;;
BAUHAUS GOTEBORG,HISINGSBACKA,SE;;Boende;;;;
Bauhaus rep, kakel;;Boende;;;;
BAUHAUS SISJON,VESTRA FROLUN,SE;;Boende;;;;
BEERISTA,GOTEBORG,SE;;Mat;;;;
Bekräfta laddning av 072965418;;Mobil;;;;
BENGANS,GOTEBORG,SE;;Mat;;;;
Bensib;;Transport;;;;
Bensin;;Transport;;;;
BERGSTROMS FRISERSALONG,GOTEBORG,SE;;Övrigt;;;;
BESIKTA BILPROV,STOCKHOLM,SE;;Transport;;;;
BESIKTNING;;Transport;;;;
Besiktning;;Boende;;;;
Beställning The Hive;;Mat;;;;
BIKEPLACE,GOTEBORG,SE;;Övrigt;;;;
Bil;;Transport;;;;
BILHYRA;;Transport;;;;
BILLDALS RIDKLUBB;;Fritid;;;;
BILLDALS RIDKLUBB,BILLDAL,SE;;Mat;;;;
Billmate AB;;Övrigt;;;;
Billogram / faktura;;Övrigt;;;;
Billån löst volvon beyald;;Transport;;;;
BILREP;;Transport;;;;
Biltema;;Boende;;;;
biltema lampa;;Boende;;;;
BILTEMA SWEDEN GOTEBORG,GOTEBORG,SE;;Boende;;;;
BILTEMA SWEDEN SISJON 164,VESTRA FROLUN,SE;;Boende;;;;
BILTEMA SWEDEN SISJON,VESTRA FROLUN,SE;;Boende;;;;
BILTEMA SWEDEN VETLAND,VETLANDA,SE;;Boende;;;;
BILTEMA SWEDEN VETLANDA VETLAN;;Boende;;;;
BIOZONE SCIENTIFIC SCANDINAVIA AB;;Boende;;;;
blocket;;Övrigt;;;;
Blocketannons 20 kr;;Övrigt;;;;
Blocketannons 30 kr;;Övrigt;;;;
Blocketannons 50 kr;;Övrigt;;;;
BLOMSTERJATTEN,SKENE,SE;;Boende;;;;
BLOMSTERLANDET ASKIM;;Boende;;;;
BLOMSTERLANDET,ASKIM,SE;;Boende;;;;
BODA HUS;;Boende;;;;
Bodil;;Övrigt;;;;
Bodil Karlsson;;Övrigt;;;;
boende 2 Nässjö;;Boende;;;;
boende Nässjö;;Boende;;;;
BOKUS STOCKHOLM;;Övrigt;;;;
BOKUS,STOCKHOLM,SE;;Övrigt;;;;
BOTANISKA ANALYSGRUPPEN I;;Boende;;;;
BOUNCE HOVAAS AB,HOVAAS,SE;;Fritid;;;;
BOWLING,GOTEBORG,SE;;Fritid;;;;
Boxer;;Boende;;;;
BRAUTIGAMS MARSIPAN KONF,FJARAS,SE;;Mat;;;;
BRODHUSET,ASKIM,SE;;Mat;;;;
BROGYLLEN SALUHALLEN,GOTEBORG,SE;;Mat;;;;
BURGER KING BAC,GOTEBORG,SE;;Mat;;;;
BURGER KING JAR GOTEBORG;;Mat;;;;
BURGER KING JAR,GOTEBORG,SE;;Mat;;;;
BURGER KING JAR,VASTRA FROLUN,SE;;Mat;;;;
BURGER KING SIS,ASKIM,SE;;Mat;;;;
BURGER KING VIA,BORAS,SE;;Mat;;;;
BURGERSSON,GOTEBORG,SE;;Mat;;;;
BYGGMAX/1203,KALLERED,SE;;Boende;;;;
BYGGMAX/1204,HISINGSBACKA,SE;;Boende;;;;
BYGGMAX/1216,ASKIM,SE;;Boende;;;;
BYGGMAX/1223,SKENE,SE;;Boende;;;;
bäddmadrass;;Boende;;;;
C MORE,STOCKHOLM,SE;;Övrigt;;;;
CAFE AZALEA,41476 GBG,SE;;Boende;;;;
CAFE BADOASEN,PARTILLE,SE;;Boende;;;;
CAFE DROTTNINGGATAN GOTEBORG;;Boende;;;;
CEDERLEUFS SVENHEIMERS,GOTEBORG,SE;;Boende;;;;
CENTRALA STUDIESTÖDSNÄMNDEN;;Lån;;;;
CIRCLE K ASKIM ASKIM;;Transport;;;;
CIRCLE K ASKIM,ASKIM,SE;;Transport;;;;
CIRCLE K BOLLEBYGD,BOLLEBYGD,SE;;Transport;;;;
CIRCLE K GOTEBORG FROLUND VEST;;Transport;;;;
CIRCLE K GOTEBORG FROLUND,VESTRA FROLUN,SE;;Transport;;;;
CIRCLE K GOTEBORG HJAL,GOTEBORG,SE;;Transport;;;;
CIRCLE K GOTEBORG HJALMAR GOTE;;Transport;;;;
CIRCLE K GOTEBORG HJALMAR,GOTEBORG,SE;;Transport;;;;
CIRCLE K GOTEBORG MARK,GOTEBORG,SE;;Transport;;;;
CIRCLE K GOTEBORG MUNK,GOTEBORG,SE;;Transport;;;;
CIRCLE K HISINGS BACKA BA,HISINGS BACKA,SE;;Transport;;;;
CIRCLE K MOLNDAL SODERLED,MOLNDAL,SE;;Transport;;;;
CIRCLE K NESSJO NESSJO;;Transport;;;;
CIRCLE K NESSJO,NESSJO,SE;;Transport;;;;
CIRCLE K ULRICEHAMN,ULRICEHAMN,SE;;Transport;;;;
CITY CAR SERVICE,GOTEBORG,SE;;Transport;;;;
CITYPARKERINGEN VETLANDA VETLA;;Transport;;;;
CITYPARKERINGEN VETLANDA,VETLANDA,SE;;Transport;;;;
CLAS OHLSON ASKIM;;Boende;;;;
CLAS OHLSON,ASKIM,SE;;Boende;;;;
CLAS OHLSON,FROLUNDA TORG,SE;;Boende;;;;
CLAS OHLSON,GOTEBORG,SE;;Boende;;;;
CO 252 BACKAPLA,GOTEBORG,SE;;Övrigt;;;;
COLLECTOR BANK AB;;Övrigt;;;;
COLORAMA ASKIM,ASKIM,SE;;Boende;;;;
Compeed;;Sjukvård;;;;
Compeed igen;;Sjukvård;;;;
Conpeed apotek;;Sjukvård;;;;
COOP FORUM SISJON ASKIM;;Mat;;;;
COOP HAJOM,HAJOM,SE;;Mat;;;;
COOP KALLERED,KALLERED,SE;;Mat;;;;
COOP KILAFORS,KILAFORS,SE;;Mat;;;;
COOP KONSUM AVENYN GOTEBORG;;Mat;;;;
COOP KONSUM VIRSERUM,VIRSERUM,SE;;Mat;;;;
COOP NARA MARIAGATAN,GOTEBORG,SE;;Mat;;;;
COOP SKENE,SKENE,SE;;Mat;;;;
CORONA TEST;;Sjukvård;;;;
Cykel g;;Fritid;;;;
DAHLS BAGERI,GOTEBORG,SE;;Mat;;;;
Dammsugare;;Boende;;;;
DANILO RESTAURA,GOTEBORG,SE;;Mat;;;;
Dannsugare;;Boende;;;;
DARYAS PIZZERIA,GOTEBORG,SE;;Mat;;;;
den kostade bara 60tusen;;Övrigt;;;;
Disk Stråtjära;;Övrigt;;;;
DJURENS VÄRLD,VETLANDA,SE;;Övrigt;;;;
DUBBEL BUBBEL,GOTEBORG,SE;;Mat;;;;
DUYTAN,Goteborg,SE;;Mat;;;;
Däckbyte;;Transport;;;;
Däcklagning;;Transport;;;;
EASYPARK 2365415408;;Transport;;;;
EASYPARK,2662822077,SE;;Transport;;;;
EASYPARK,2676820639,SE;;Transport;;;;
EBBES HORNA SVINGELN,GOTEBORG,SE;;Mat;;;;
EBE SKADESERVICE AB;;Boende;;;;
ECO & FAIR,GOTEBORG,SE;;Kläder;;;;
ECORIDE AB,GOTEBORG,SE;;Övrigt;;;;
EDAS GRILL GOTEBORG;;Mat;;;;
EDAS GRILL,GOTEBORG,SE;;Mat;;;;
EGMONT PUBLISHING AB;;Övrigt;;;;
EKEHAGENS FORNTIDSBY,ASARP,SE;;Fritid;;;;
EKHAGENS PIZZERIA,JÖNKÖPING,SE;;Mat;;;;
EKLANDA KROG,MOLNDAL,SE;;Mat;;;;
ELCYKEL GOTEBORG BUTIK N,GOTEBORG,SE;;Övrigt;;;;
ELGIGANTEN AB,GÖTEBORG,SE;;Övrigt;;;;
ELGIGANTEN GBG,SISJON GBG,SE;;Övrigt;;;;
EMINENTA TJÄNSTEUTVECKLING I;;Boende;;;;
ENERGIKUNDSERVICE SVERIGE;;Boende;;;;
ENERGIKUNDSERVICE SVERIGE AB;;Boende;;;;
ePayment Service Europe AB;;Övrigt;;;;
ESPRESSO HOUSE 317,NASSJO,SE;;Mat;;;;
EVA'S PARLEY,GOTEBORG,SE;;Mat;;;;
Evema Miljö & Kemi AB;;Boende;;;;
extra fredrik;;Övrigt;;;;
Fam moberg;;Övrigt;;;;
Fastighets AB Kalvringen Sisjön;;Övrigt;;;;
Fg skor;;Kläder;;;;
FILMSTADEN AB,STOCKHOLM,SE;;Presenter;;;;
FJARAS GRILLEN,FJARAS,SE;;Mat;;;;
FKASSA;;Bidrag;;;;
Flixbus;;Transport;;;;
FLUGGER AB S027,Askim,SE;;Boende;;;;
Flyttsajer;;Boende;;;;
Flyttsaker;;Boende;;;;
Fläkt;;Boende;;;;
FLÄKTPLATTA;;Boende;;;;
Flöjt;;Fritid;;;;
FOLKETS HUS 513305,GOTEBORG,SE;;Övrigt;;;;
FOLKSAM ÖMSESIDIG SAKFÖRSÄKRING;;Försäkring;;;;
FOLKTANDVARDEN ASKIM ASKIM;;Sjukvård;;;;
Fonder fel;;Övrigt;;;;
Fondsparande Lann Mix;;Spara;;;;
FORDONSSKATT TRANSPORTSTYRELSEN;;Transport;;;;
FOTBOLL FREJ;;Fritid;;;;
FRANKS GATUKOK MOLNDAL,MOLNDAAL,SE;;Mat;;;;
FREDRIK MOBERG;;Övrigt;;;;
Freja borste;;Övrigt;;;;
Freja hämtar bilnyckel;;Övrigt;;;;
FROLUNDA KULTURHUS VESTRA FROL;;Fritid;;;;
FRÅN LÖNEKONTO;;Övrigt;;;;
färg till vilg;;Boende;;;;
Försenat Grattis och God Jul;;Presenter;;;;
FÖRSÄKRINGS AB SKANDIA;;Försäkring;;;;
GARANTIENTREPRENAD I SVERIGE AB;;Boende;;;;
GBG SOCIAL RESURSFÖRVALTN;;Övrigt;;;;
Gbg Stad/Intraservice;;Övrigt;;;;
Gi o f skor;;Kläder;;;;
GLADE JOHAN GODIS,GOTEBORG,SE;;Mat;;;;
Glasögon mm;;Övrigt;;;;
GOD JUL;;Presenter;;;;
GODEL I SVERIGE AB;;Boende;;;;
GODIS & TOBAKCENTER EK,MOLNDAL,SE;;Mat;;;;
GODISBUTIKEN PAA AVENYN 4,GOTEBORG,SE;;Mat;;;;
GODISHUSET,GOTEBORG,SE;;Mat;;;;
Golv;;Boende;;;;
GOOGLE *Google Play Ap,g.co/HelpPay#,IE;;Övrigt;;;;
GOOGLE *Google,g.co/helppay#,GB;;Övrigt;;;;
GOOGLE Google Play Ap,London,GB;;Övrigt;;;;
GOOGLE Google Play Apps,London,GB;;Övrigt;;;;
GOOGLE*GOOGLE,INTERNET,GB;;Övrigt;;;;
GOOGLE*YOUTUBE VIDEOS,CC GOOGLE.COM,GB;;Övrigt;;;;
GOTA MEDIA AB;;Övrigt;;;;
GOTEBORG CENTRAL,GOTEBORG,SE;;Övrigt;;;;
GOTEBORGS BOTANISKA TR,GOTEBORG,SE;;Övrigt;;;;
GOTEBORGS GODISAFFAR,ASKIM,SE;;Mat;;;;
GOTEBORGS KONST,GOTEBORG,SE;;Fritid;;;;
GOTEBORGS MARITIMA CENTRU,GOTEBORG,SE;;Fritid;;;;
GOTEBORGS STAD GOTEBORG;;Övrigt;;;;
GOTEBORGS STADS,GOTEBORG,SE;;Mat;;;;
GOTTEBORG GODISAFFAR,ASKIM,SE;;Mat;;;;
GP.SE,INTERNET,SE;;Övrigt;;;;
GRENNA KONFEKTYR,GRANNA,SE;;Mat;;;;
GRENNAS BISTRO AB,GRENNA,SE;;Mat;;;;
GRILLKIOSK,MALILLA,SE;;Mat;;;;
GULF VIRSERUM,VIRSERUM,SE;;Övrigt;;;;
Gustaf Moberg;;Övrigt;;;;
Gustafs kalaskonto;;Presenter;;;;
GYLLENE KORVEN,Askim,SE;;Mat;;;;
GÖSAB SOTNING AB;;Boende;;;;
Göteborgs Stad;;Boende;;;;
Göteborgs Stads Parkerings AB;;Transport;;;;
GÖTEBORGS UNIVERSITET;;Övrigt;;;;
HAGABADET;;Fritid;;;;
Halebop;;Mobil;;;;
HALLON FREJA;;Mobil;;;;
HALLON GUSTAF;;Mobil;;;;
HALLON.SE,Stockholm,SE;;Mobil;;;;
HARVEST BY MANNERSTROM,GOTEBORG,SE;;Mat;;;;
HBO NORDIC AB,0770-455000,SE;;Övrigt;;;;
HBO Nordic AB,Stockholm,SE;;Övrigt;;;;
HEMGLASS GOTEBORG,VASTERAS,SE;;Mat;;;;
HEMKOP GOTEBORG LINNEG,GOTEBORG,SE;;Mat;;;;
HEMKOP KINNA,KINNA,SE;;Mat;;;;
HEMKOP MOLNDAL C NEW,MOLNDAL,SE;;Mat;;;;
HEMKÖP VÄSTRA FRÖLUNDA,VÄSTRA FRÖLUN,SE;;Mat;;;;
HERTZ 00409 GOTEBORG,GOTEBORG,SE;;Transport;;;;
HERTZ SWEDEN FRANCHISE,DUBLIN,IE;;Transport;;;;
HEYNOW.AI,Goteborg,SE;;Övrigt;;;;
HM SE0221,Goeteborg,SE;;Kläder;;;;
HM SE0244,Vaestra Froel,SE;;Kläder;;;;
HM SE0249,Vaestra Froel,SE;;Kläder;;;;
HOLMENS HERR GOTEBORG;;Kläder;;;;
HOOKS KAALLERED,KAALLERED,SE;;Fritid;;;;
HOTELL HOGLAND,NASSJO,SE;;Övrigt;;;;
Hovås Askim Familjeläkare & BVC AB;;Sjukvård;;;;
Husesyning Sverige AB;;Boende;;;;
HYNGS VILT I HALLEN AB,GOTEBORG,SE;;Mat;;;;
HÖGSBY PASTORAT;;Övrigt;;;;
HÖÖKS HÄSTSPORT,BORÅS,SE;;Fritid;;;;
ICA FOCUS,GOTEBORG,SE;;Mat;;;;
ICA KVANTUM FROLUNDA VASTRA FR;;Mat;;;;
ICA KVANTUM FROLUNDA,VASTRA FROLUN,SE;;Mat;;;;
ICA KVANTUM HOVAS HOVAS;;Mat;;;;
ICA KVANTUM HOVAS,HOVAS,SE;;Mat;;;;
ICA NARA HAGA GOTEBORG;;Mat;;;;
ICA NARA HAGA,GOTEBORG,SE;;Mat;;;;
ICA NARA KILAFORS,KILAFORS,SE;;Mat;;;;
ICA NARA KRYSSET VIRS,VIRSERUM,SE;;Mat;;;;
ICA NARA KRYSSET VIRSERU,VIRSERUM,SE;;Mat;;;;
ICA NARA TOPPEN GOTEBORG,GOTEBORG,SE;;Mat;;;;
ICA SUPERMARKET AKERED VASTRA;;Mat;;;;
ICA SUPERMARKET AKERED,VASTRA FROLUN,SE;;Mat;;;;
ICA SUPERMARKET FALKOPING,FALKOPING,SE;;Mat;;;;
ICA SUPERMARKET HORNDAL,HORNDAL,SE;;Mat;;;;
ICA SUPERMARKET MAJORNA,GOTEBORG,SE;;Mat;;;;
idrottsrabatten Freja Moberg;;Fritid;;;;
idrottsrabatten Gustaf Moberg;;Fritid;;;;
IF SKADEFÖRSÄKRING AB (PU;;Försäkring;;;;
IKANO BANK AB - PREEM;;Övrigt;;;;
IKEA-K$LLERED,K$LLERED,SE;;Boende;;;;
IKEA-KALLERED,KALLERED,SE;;Boende;;;;
Indisk mat;;Mat;;;;
INDISKA KOKET BACKAPLAN,GOTEBORG,SE;;Mat;;;;
INET RINGON,GOTEBORG,SE;;Övrigt;;;;
INET SISJON,ASKIM,SE;;Övrigt;;;;
INGO ASKIM SISJON,GOTEBORG,SE;;Övrigt;;;;
INGO VESTRA FROLUNDA, NES,VESTRA FROLUN,SE;;Övrigt;;;;
Insättning;;Övrigt;;;;
Inteleon AB;;Transport;;;;
Inteleon AB Goteborg;;Transport;;;;
Inteleon AB,Goteborg,SE;;Transport;;;;
INTER BOWLING MAJORNA,GOTEBORG,SE;;Fritid;;;;
INTERSPORT GOTE,GOTEBORG,SE;;Övrigt;;;;
INTERSPORT GOTE,VASTRA FROLUN,SE;;Övrigt;;;;
INTRUM SVERIGE AB;;Övrigt;;;;
ITUNES.COM/BILL 020100529;;Övrigt;;;;
ITUNES.COM/BILL ITUNES.COM;;Övrigt;;;;
ITUNES.COM/BILL,020100529,IE;;Övrigt;;;;
ITUNES.COM/BILL,ITUNES.COM,IE;;Övrigt;;;;
IZ *ARKIVETS CAFE,GOTEBORG,SE;;Mat;;;;
iZ *Boguro AB,GOTEBORG,SE;;Mat;;;;
IZ *BOLLNAS ALPINA,BOLLNAS,SE;;Mat;;;;
IZ *EFTERTANKE I J,JARVSO,SE;;Mat;;;;
IZ *HOVAS HOCKEY C HOVAS;;Mat;;;;
IZ *LINDAS INNEBAN,HOVAS,SE;;Mat;;;;
IZ *Lindas Innebandy Klub,HOVAS,SE;;Mat;;;;
IZ *NORDIC EXHIBIT NORRKOPING;;Mat;;;;
iZ *Svanstrom Lin,Styrso,SE;;Mat;;;;
jacka freja;;Kläder;;;;
JARVSOBACKEN,JERVSO,SE;;Fritid;;;;
JOHN SCOTT'S,GOTEBORG,SE;;Mat;;;;
JOHN SCOTT'S,MOLNDAL,SE;;Mat;;;;
Jord och gödsel;;Boende;;;;
JULA AB,ASKIM,SE;;Boende;;;;
Julia;;Presenter;;;;
Julia pres;;Presenter;;;;
Juljlappp Rolf;;Presenter;;;;
JULKLAPP ROLF;;Presenter;;;;
JULKLAPPAR AMAZON;;Presenter;;;;
JULKLAPPAR BOKUS;;Presenter;;;;
Julklappar Rolf;;Presenter;;;;
JUSEK;;Facket;;;;
JYSK KAALLERED,KAALLERED,SE;;Boende;;;;
Jysk Vastra Frolunda,Vastra Frolun,SE;;Boende;;;;
Jysk Vetlanda,Vetlanda,SE;;Boende;;;;
K-RAUTA,MOLNDAL,SE;;Boende;;;;
K*Adlibris A;;Presenter;;;;
K*Apotea AB;;Sjukvård;;;;
K*Bokus AB;;Övrigt;;;;
K*Coop.se;;Mat;;;;
K*DECATHLON;;Presenter;;;;
K*DPJ Svensk;;Övrigt;;;;
K*Elgiganten;;Övrigt;;;;
K*Hall Media;;Övrigt;;;;
K*Ian & Burt;;Övrigt;;;;
K*Leksakscit;;Övrigt;;;;
K*Lensway BV;;Övrigt;;;;
K*Matsmart I;;Mat;;;;
K*PL Sverige;;Övrigt;;;;
K*Smartphoto;;Övrigt;;;;
K*Tidningsku;;Övrigt;;;;
kaffebryggare vilg;;Boende;;;;
Kalaspresenter;;Presenter;;;;
KAPPAHL 142,V. FROLUNDA,SE;;Kläder;;;;
KD APOTEK ASKIM;;Sjukvård;;;;
KD APOTEK,ASKIM,SE;;Sjukvård;;;;
KD APOTEK,GOTEBORG,SE;;Sjukvård;;;;
KD APOTEK,HISINGS BACKA,SE;;Sjukvård;;;;
KICKS V FROELUNDA,VAESTRA FROEL,SE;;Kläder;;;;
KIOSKER SCANDI,GOTEBORG,SE;;Mat;;;;
KJELL & CO 51,VASTRA FROLUN,SE;;Övrigt;;;;
KJELL & CO 71 GOTEBORG;;Övrigt;;;;
Klarna;;Övrigt;;;;
Klarna AB;;Övrigt;;;;
KLARNA BANK AB;;Övrigt;;;;
Kläder;;Kläder;;;;
Kläder barn;;Kläder;;;;
Kläder barn en;;Kläder;;;;
KLÄDER BARNEN;;Kläder;;;;
Kläder Freja Moberg;;Kläder;;;;
KNUT I BAZAREN,GOTEBORG,SE;;Mat;;;;
KRY.SE,STOCKHOLM,SE;;Mat;;;;
KUNGSFOTO AB,NORRKOPING,SE;;Sjukvård;;;;
Kylväska;;Boende;;;;
LAGERHAUS GOTEBORG/247,GOTEBORG,SE;;Övrigt;;;;
Lajan;;Boende;;;;
Lakan;;Boende;;;;
lampor madrass;;Boende;;;;
LEKIA,ASKIM,SE;;Övrigt;;;;
LEKIA,GOTEBORG,SE;;Övrigt;;;;
LEOCAN AQUA INVENT AB;;Boende;;;;
LF FONDER;;Övrigt;;;;
LF Göteborg och Bohuslän E-fak;;Försäkring;;;;
LF Göteborg och Bohuslän E-faktura;;Försäkring;;;;
LF LIV;;Försäkring;;;;
LIDL 274/GBG FROLUNDA DIS,GOTEBORG,SE;;Mat;;;;
LIDL 274/GBG FROLUNDA,GOTEBORG,SE;;Mat;;;;
LIFE SISJON,ASKIM,SE;;Sjukvård;;;;
LIM*RIDE COST,STOCKHOLM,SE;;Övrigt;;;;
LIME SWEDEN,STOCKHOLM,SE;;Övrigt;;;;
LIME,STOCKHOLM,SE;;Övrigt;;;;
LINDEX/36,VESTRA FROLUN,SE;;Kläder;;;;
LINDEX/39,OSKARSHAMN,SE;;Kläder;;;;
Lindås Rasta Ibk;;Övrigt;;;;
Lister;;Boende;;;;
Listwr;;Boende;;;;
Lisyer;;Boende;;;;
Ljungby Fuktkontroll & Sanering AB;;Boende;;;;
LJUNGSTROMS KOK,JERVSO,SE;;Mat;;;;
LLOYDSAPOTEK BILLDAL GOTEBORG;;Sjukvård;;;;
LLOYDSAPOTEK BILLDAL,GOTEBORG,SE;;Sjukvård;;;;
LLOYDSAPOTEK102,Hovaas,SE;;Sjukvård;;;;
LUNDBY BIBLIOTE GOTEBORG;;Övrigt;;;;
LUNDBYBADET,GOTEBORG,SE;;Fritid;;;;
Låneinbetalning;;Lån;;;;
LÄNSFÖRSÄKRINGAR LIV;;Försäkring;;;;
LÄNSFÖRSÄKRINGAR ÄLVSBORG;;Försäkring;;;;
Löneinsättning;;Lön;;;;
madrass mio;;Boende;;;;
madrasser 2st;;Boende;;;;
Mar Oskarshamn;;Mat;;;;
MARIA LIVS ATRASAM LIVS,GOTEBORG,SE;;Mat;;;;
MARIAS I KINNA AB,KINNA,SE;;Mat;;;;
MARKS KOMMUN;;Övrigt;;;;
MAT;;Mat;;;;
Mat coop;;Mat;;;;
mat extra;;Mat;;;;
mat fredrik;;Mat;;;;
mat hovås;;Mat;;;;
mat Ica maxi;;Mat;;;;
mat Ica naxi;;Mat;;;;
mat kompletering;;Mat;;;;
Mat midsommar;;Mat;;;;
Mat o apotek;;Mat;;;;
mat röda byx affären;;Mat;;;;
Mat Virserum;;Mat;;;;
MAT WILLY;;Mat;;;;
MAT WILLYS;;Mat;;;;
MAT, APOTEK, KLÄDER;;Mat;;;;
MATLYCKAN AB,NASSJO,SE;;Mat;;;;
MATS HYLLSTAM AB;;Boende;;;;
MAXI ICA STORMARKNAD H,VASTRA FROLUN,SE;;Mat;;;;
MAXI ICA STORMARKNAD HOGS VAST;;Mat;;;;
MAXI ICA STORMARKNAD HOGS,VASTRA FROLUN,SE;;Mat;;;;
MAXI ICA STORMARKNAD O,OSKARSHAMN,SE;;Mat;;;;
MAXI ICA STORMARKNAD OSKA OSKA;;Mat;;;;
MAXI ICA STORMARKNAD TORS,TORSLANDA,SE;;Mat;;;;
MAXI ICA STORMARKNAD U,ULRICEHAMN,SE;;Mat;;;;
MAXI ICA STORMARKNAD V,VETLANDA,SE;;Mat;;;;
MCD 066 - A6 MC,JONKOPING,SE;;Mat;;;;
MCD 238 GBG, RA GOTEBORG;;Mat;;;;
MCD 238 GBG, RA,GOTEBORG,SE;;Mat;;;;
MCD 97 - BORAS,BORAS,SE;;Mat;;;;
MCD SCANDINAV,GOTEBORG,SE;;Mat;;;;
MCD ULRICEHAMN,ULRICEHAMN,SE;;Mat;;;;
MCDONALD S LAND LANDVETTER;;Mat;;;;
MCDONALD´S LAND,LANDVETTER,SE;;Mat;;;;
MCDONALDS 131 OSKARSHAMN;;Mat;;;;
MCDONALDS 222 V VETLANDA;;Mat;;;;
MCDONALDS 222 V,VETLANDA,SE;;Mat;;;;
MCDONALDS BACK,GOTEBORG,SE;;Mat;;;;
MCDONALDS FROLU VASTRA FROLUN;;Mat;;;;
MCDONALDS FROLU,VASTRA FROLUN,SE;;Mat;;;;
MCDONALDS GOTEB,GOTEBORG,SE;;Mat;;;;
MCDONALDS HULTA,BORAS,SE;;Mat;;;;
MCDONALDS KINNA,KINNA,SE;;Mat;;;;
MCDONALDS KIOSK,KUNGSBACKA,SE;;Mat;;;;
MCDONALDS MOLND MOLNDAL;;Mat;;;;
MCDONALDS MOLND,MOLNDAL,SE;;Mat;;;;
MCDONALDS ONSAL,KUNGSBACKA,SE;;Mat;;;;
MCDONALDS,GOTEBORG,SE;;Mat;;;;
MEDIA MARKT,VASTRA FROLUN,SE;;Övrigt;;;;
MEKONOMEN BILLI,VASTRA FROLU,SE;;Transport;;;;
MEKONOMENTORPAV,GÖTEBORG,SE;;Transport;;;;
Metallica;;Övrigt;;;;
Microsoft*Microsoft 36,msbill.info,IE;;Övrigt;;;;
MICROSOFT*MICROSOFT 365 P,MSBILL.INFO,IE;;Övrigt;;;;
MICROSOFT*OFFICE 365 PERS MSBI;;Övrigt;;;;
Microsoft*Office 365 Pers,msbill.info,IE;;Övrigt;;;;
Microsoft*Store,msbill.info,IE;;Övrigt;;;;
MIO MOLNDAL,MOLNDAL,SE;;Boende;;;;
mm att coop;;Mat;;;;
mm att Ica maxi;;Mat;;;;
Mobik;;Mobil;;;;
Mobil;;Mobil;;;;
Mobil barnen;;Mobil;;;;
Mobil gustaf;;Mobil;;;;
Mobilskal Gustaf;;Mobil;;;;
MOBL BARNEN;;Mobil;;;;
MR GATSBY PIZZERIA ASKIM;;Mat;;;;
MR GATSBY PIZZERIA,Askim,SE;;Mat;;;;
MR INDIA GOTEBORG;;Mat;;;;
MR TOMATO,GOTEBORG,SE;;Mat;;;;
MYCASE-PODRUZNICA ZAGR,ZAGREB,HR;;Övrigt;;;;
MYSKJE MACKEN,SODERALA,SE;;Mat;;;;
NARA DEJ VETLANDA,VETLANDA,SE;;Mat;;;;
Nat;;Mat;;;;
NETFLIX.COM,020790637,NL;;Övrigt;;;;
NETFLIX.COM,Amsterdam,NL;;Övrigt;;;;
NETS*collagefoto.se,Malmo,SE;;Övrigt;;;;
NIDS 4 KIDS,GOTEBORG,SE;;Kläder;;;;
NOBELIUS VILTAFFAR AB,GOTEBORG,SE;;Mat;;;;
NORDSTANS SAMFA,GOTEBORG,SE;;Mat;;;;
Nota Harvest by Mannerström;;Mat;;;;
NOTKARNAN HOVASASKIM VC ASKIM;;Sjukvård;;;;
NRG PIZZA 225,JONKOPING,SE;;Mat;;;;
NYA*Albrechts Lunchres,97237694380,SE;;Mat;;;;
NYA*Enhet 2008,97237694380,SE;;Mat;;;;
NYA*Toalett,46031920985,SE;;Övrigt;;;;
O LEARYS GOTEBO,GOTEBORG,SE;;Mat;;;;
OKQ8 GOTEBORG;;Transport;;;;
OKQ8 LANDVETTER;;Transport;;;;
OKQ8,BILLDAL,SE;;Transport;;;;
OKQ8,GOTEBORG,SE;;Transport;;;;
OKQ8,VASTRA FROLUN,SE;;Transport;;;;
OKQ8,VÄSTRA FRÖLUN,SE;;Transport;;;;
ONGO VASTRA FROLUN;;Transport;;;;
ONGO,VASTRA FROLUN,SE;;Transport;;;;
PA SPARET,VIMMERBY,SE;;Mat;;;;
Panda -Gustav /Bengt;;Övrigt;;;;
Pandaförsäljningen;;Övrigt;;;;
PANDURO HOBBY,VESTRA FROLUN,SE;;Övrigt;;;;
PARKERINGSBOLAGET GOTEBORG;;Transport;;;;
PARKERINGSBOLAGET,GOTEBORG,SE;;Transport;;;;
Parkeringstjänst Väst AB;;Transport;;;;
Parkster / Billogram;;Transport;;;;
PayEx Sverige AB/Hemfrid i Sverige;;Boende;;;;
Paynova AB (publ);;Övrigt;;;;
PERSSONS HYRMASKINER AB C;;Boende;;;;
PILENS PIZZERIA,ASKIM,SE;;Mat;;;;
PIZZERIA VIVALDI,ASKIM,SE;;Mat;;;;
pjäxor;;Fritid;;;;
PLANTAGEN ASKIM ASKIM;;Boende;;;;
PLANTAGEN ASKIM,ASKIM,SE;;Boende;;;;
PodMe Stockholm;;Övrigt;;;;
PodMe,Stockholm,SE;;Övrigt;;;;
Polismyndigheten;;Övrigt;;;;
PRALINEHUSET H.R AB,GOTEBORG,SE;;Mat;;;;
PREEM ASKIM;;Transport;;;;
PREEM,ASKIM,SE;;Transport;;;;
PREEM,BORAS,SE;;Transport;;;;
PREEM,GOTEBORG,SE;;Transport;;;;
PREEM,MÅLILLA,SE;;Transport;;;;
PRESENT G O;;Presenter;;;;
PRESENT GUNVOR;;Presenter;;;;
PRESENT GUSTAF;;Presenter;;;;
present Maria;;Presenter;;;;
Presenter;;Presenter;;;;
PRESSBYRAN 4025133,GOTEBORG,SE;;Mat;;;;
PRESSBYRAN 4028140,GOTEBORG,SE;;Mat;;;;
PRESSBYRAN 4028142,GOTEBORG,SE;;Mat;;;;
PRESSBYRAN 4050156,GOTEBORG,SE;;Mat;;;;
PRESSBYRAN 4128121,V. FROLUNDA,SE;;Mat;;;;
PRESSBYRAN 4128810,GOTEBORG,SE;;Mat;;;;
PRESSBYRAN 4244040,GOTEBORG,SE;;Mat;;;;
PRESSBYRAN 4325123,VASTRA FROLUN,SE;;Mat;;;;
PRESSBYRAN 4325181,GOTEBORG,SE;;Mat;;;;
PRESSBYRÅN 4150145,GÖTEBORG,SE;;Mat;;;;
PRESSBYRÅN 4228100,GÖTEBORG,SE;;Mat;;;;
Qliro;;Övrigt;;;;
QSTAR VETLANDA,VETLANDA,SE;;Transport;;;;
RADIOSPELET,VASTRA FROLUN,SE;;Övrigt;;;;
RAINBOW GLASS GODIS,GOTEBORG,SE;;Mat;;;;
RASTPUNKT LAXA,LAXA,SE;;Mat;;;;
Regionservice Patientfakturor;;Sjukvård;;;;
Regnkläder;;Kläder;;;;
REPAIRHOUSE AB,Vastra Frolun,SE;;Övrigt;;;;
Resesäng;;Boende;;;;
RESTAURANG DUBBEL GARDEN,GOTEBORG,SE;;Mat;;;;
RESTAURANG GAST,GOTEBORG,SE;;Mat;;;;
RESTAURANG GREENS,VESTRA FROLUN,SE;;Mat;;;;
RESTAURANG RASA SA YANG,MOLNDAL,SE;;Mat;;;;
RESTURANG DIVAN,GOTEBORG,SE;;Mat;;;;
Resurs Bank AB;;Övrigt;;;;
Rivjärn;;Övrigt;;;;
RNB Retail and Brands,Stockholm,SE;;Övrigt;;;;
ROOTS,GOTEBORG,SE;;Mat;;;;
RUDDALENS GYM,VASTRA FROLUN,SE;;Fritid;;;;
RUSTA SISJON 46,ASKIM,SE;;Boende;;;;
RÅDAHEDS VÄGSAMFÄLLIGHET;;Boende;;;;
röjsåg;;Boende;;;;
Saco Folksam Försäkring AB;;Försäkring;;;;
Saluhall;;Mat;;;;
saluhallen;;Mat;;;;
SALUHALLEN SERVERING,GOTEBORG,SE;;Mat;;;;
SAMUI THAI KITCHEN GOTEBORG;;Mat;;;;
Sanering;;Boende;;;;
SANGJATTEN SVERIGE HOG,VASTRA FROLUN,SE;;Boende;;;;
SANGUINE,GOTEBORG,SE;;Mat;;;;
SANKT JORGEN PARK RESORT,GOTEBORG,SE;;Mat;;;;
SEGA GUBBEN,GOTEBORG,SE;;Mat;;;;
SHELL 7-11 61327 VIARED BORAAS;;Transport;;;;
SHELL ASKIM VAR,ASKIM,SE;;Transport;;;;
SHELL BOTTNARYD,BOTTNARYD,SE;;Transport;;;;
SHELL FJARAAS,FJARAAS,SE;;Transport;;;;
SHELL GOTEBORG,GOTEBORG,SE;;Transport;;;;
SHELL GÖTEBORG,,GÖTEBORG,SE;;Transport;;;;
SHELL VASTRA FR,VASTRA FROLUN,SE;;Transport;;;;
SISJ;;Övrigt;;;;
SK7512235974;;Övrigt;;;;
SKARA SOMMARLAND,AXVALL,SE;;Fritid;;;;
SKATTEVERKET;;Skatt;;;;
SKENE KROG SVENSK OCH TUR,SKENE,SE;;Mat;;;;
Skolkatalog;;Övrigt;;;;
Skolkläder och skolsaker;;Kläder;;;;
skor Gustaf;;Kläder;;;;
SKOVDE ARENA,SKOVDE,SE;;Fritid;;;;
skridskor;;Fritid;;;;
skål;;Övrigt;;;;
SMSPARK.SE,MOLNDAL,SE;;Transport;;;;
Snabböverföring;;Övrigt;;;;
Solid Försäkrings AB;;Försäkring;;;;
SOTA BAR SWEDEN AB,GOTEBORG,SE;;Mat;;;;
SOTA BAR SWEDEN AB,KUNGALV,SE;;Mat;;;;
Sovsäck;;Fritid;;;;
spackel och cement;;Boende;;;;
Spade;;Boende;;;;
SPORTARENAN GOTEBORG VESTRA FR;;Övrigt;;;;
SPORTSHOPEN SIS,ASKIM,SE;;Kläder;;;;
Spotify P09281CA7B Stockholm;;Övrigt;;;;
Spotify P0992C9EE2 Stockholm;;Övrigt;;;;
Spotify P0A03EB1E3 Stockholm;;Övrigt;;;;
Spotify P0A7B2EB96,Stockholm,SE;;Övrigt;;;;
Spotify P0AF2CC3CF,Stockholm,SE;;Övrigt;;;;
Spotify P0B6DEF794,Stockholm,SE;;Övrigt;;;;
Spotify P0BE528573,Stockholm,SE;;Övrigt;;;;
Spotify P0C5D60FF9,Stockholm,SE;;Övrigt;;;;
Spotify P0CD3C5122,Stockholm,SE;;Övrigt;;;;
Spotify P0D326F159,Stockholm,SE;;Övrigt;;;;
Spotify P0D8D142E8,Stockholm,SE;;Övrigt;;;;
Spotify P0DF3831D9,Stockholm,SE;;Övrigt;;;;
Spotify P0E48FDF15,Stockholm,SE;;Övrigt;;;;
Spotify P0EA6E6096,Stockholm,SE;;Övrigt;;;;
Spotify P0F05356AF,Stockholm,SE;;Övrigt;;;;
Spotify P0F6A01D74,Stockholm,SE;;Övrigt;;;;
Spotify P0FCFC7EE8,Stockholm,SE;;Övrigt;;;;
Spotify P10409D9E4,Stockholm,SE;;Övrigt;;;;
Spotify P109911445,Stockholm,SE;;Övrigt;;;;
Spotify P1102EA02C,Stockholm,SE;;Övrigt;;;;
Spotify P1163C1786,Stockholm,SE;;Övrigt;;;;
Spotify P11E7660D7,Stockholm,SE;;Övrigt;;;;
Spotify P123B44EC3,Stockholm,SE;;Övrigt;;;;
Spotify P12ABBAE9D,Stockholm,SE;;Övrigt;;;;
ST1 VETLANDA,EKENÄSSJÖN,SE;;Transport;;;;
STADIUM BACKAPL,GOTEBORG,SE;;Kläder;;;;
STADIUM OUTLET,ASKIM,SE;;Kläder;;;;
STADIUM SISJON,ASKIM,SE;;Kläder;;;;
STADIUM VASTRA,VASTRA FROLUN,SE;;Kläder;;;;
Star Stable NS9MQID1,Stockholm,SE;;Övrigt;;;;
STAR,GOTEBORG,SE;;Mat;;;;
stolar jysk;;Boende;;;;
STORA COOP BACKAPLAN,GOTEBORG,SE;;Mat;;;;
STORA COOP BACKEBOL,HISINGS BACKA,SE;;Mat;;;;
STORA COOP BACKEBOL,HISINGSBACKA,SE;;Mat;;;;
STORA COOP SISJON,ASKIM,SE;;Mat;;;;
STORA COOP SISJÖN,ASKIM,SE;;Mat;;;;
Storytel Sweden AB,Stockholm,SE;;Övrigt;;;;
Stugprylar;;Boende;;;;
SULF Sveriges Univ.lärare och;;Facket;;;;
SULF Sveriges Univ.lärare och forsk;;Facket;;;;
SUSHI GARDEN,GOTEBORG,SE;;Övrigt;;;;
SV INGENJ;;Facket;;;;
SVD/PayEx Sverige AB;;Övrigt;;;;
SVEA EKONOMI AB;;Övrigt;;;;
SVERIGES INGENJÖRER;;Facket;;;;
Swish;;Övrigt;;;;
Swish från AXEL BJÖRKLUND;;Övrigt;;;;
Swish från Bodil Karlsson;;Övrigt;;;;
Swish från Gunvor Karlsson;;Övrigt;;;;
Swish från Karlsson, Bodil;;Övrigt;;;;
Swish från MARTIN BERGENSTEIN;;Övrigt;;;;
Swish från SARA PALMQVIST;;Övrigt;;;;
Swish till BILLDALS RIDKLUBB;;Övrigt;;;;
Swish till BSGA GÖTEBORG AB;;Övrigt;;;;
Swish till Jakobsson, Morgan;;Övrigt;;;;
Swish till NYA JÄRNBODEN I VIRSERU;;Boende;;;;
Swish till SF Anytime AB;;Övrigt;;;;
Swish till SOKOLOVA CONSULT AB;;Övrigt;;;;
Swish till TOMAS FRÖDIN;;Övrigt;;;;
Swish till VÄSTTRAFIK AB;;Övrigt;;;;
Swish återbet från SF Anytime AB;;Övrigt;;;;
SwishPaymentMessage;;Övrigt;;;;
SYSTEMBOLAGET ASKIM ASKIM;;Mat;;;;
SYSTEMBOLAGET ASKIM,ASKIM,SE;;Mat;;;;
SYSTEMBOLAGET GOTEBORG,GOTEBORG,SE;;Mat;;;;
SYSTEMBOLAGET HOVAS,HOVAS,SE;;Mat;;;;
säng;;Boende;;;;
Tack !;;Övrigt;;;;
TANDOORI KITCHEN,GOTEBORG,SE;;Mat;;;;
TANKA SISJON,GOTEBORG,SE;;Transport;;;;
tapetklister;;Boende;;;;
TAPETKLISTTER;;Boende;;;;
Taxi;;Transport;;;;
TAXI GOTEBORG,GOTEBORG,SE;;Transport;;;;
TEAM SPORTIA SODERHAMN,SODERHAMN,SE;;Kläder;;;;
Team Åkered TK;;Fritid;;;;
termo byxor;;Kläder;;;;
till dörr;;Boende;;;;
Till Ebe;;Övrigt;;;;
TILL EBE;;Boende;;;;
Till ene;;Boende;;;;
TILL G & F;;Övrigt;;;;
Till ge;;Övrigt;;;;
Till matinköp;;Mat;;;;
Tillf mobil freja;;Mobil;;;;
Tillf mobil frha;;Mobil;;;;
toa, kakelvvs;;Boende;;;;
Toalett,Borlange,SE;;Övrigt;;;;
TOETOE LTD,442088309955,GB;;Övrigt;;;;
TOYSRUS 3212 Askim S;;Övrigt;;;;
TRADERA SWEDEN AB;;Övrigt;;;;
TRE INDIER GOTEBORG;;Mat;;;;
TRIUMF GLASS OCH GODIS,VESTRA FROLUN,SE;;Mat;;;;
Trygg-Hansa Försäkring filial;;Boende;;;;
TRÄNGSELSKATT TRANSPORTSTYRELS;;Transport;;;;
TRÄNGSELSKATT TRANSPORTSTYRELSEN;;Transport;;;;
tvärflöjt;;Övrigt;;;;
TYSKA BRON,GOTEBORG,SE;;Övrigt;;;;
Täckning 23e;;Övrigt;;;;
UDEMY: ONLINE COURSES,DUBLIN 2,IE;;Övrigt;;;;
ULLA J PLATS,MOLNDAL,SE;;Mat;;;;
ULRICEHAMN SKIC ULRICEHAMN;;Fritid;;;;
V F BIBLIOTEK VASTRA FROLUN;;Övrigt;;;;
value;;Kategori;;;;
VASAKLINIKEN I SVERIGE GOTEBOR;;Sjukvård;;;;
Vasttrafik AB Goteborg;;Transport;;;;
Vasttrafik AB,Goteborg,SE;;Transport;;;;
VATTENFALL KUNDSERVICE AB;;Boende;;;;
veckomat;;Mat;;;;
VEDBRÄNDE RIDLÄGER;;Fritid;;;;
VENTIL;;Boende;;;;
vilg husesyn;;Övrigt;;;;
vilg, besiktning;;Övrigt;;;;
VOLVOFINANS BANK AB;;Transport;;;;
VÄSTTRAFIK AB,GOTEBORG,SE;;Transport;;;;
WILLYS;;Mat;;;;
WILLYS HEMMA GOTEBORG,GOTEBORG,SE;;Mat;;;;
WILLYS HEMMA PAVELUND,VASTRA FROLUN,SE;;Mat;;;;
WILLYS HVITFELDTSPLATS,GOTEBORG,SE;;Mat;;;;
WILLYS OSKARSHAMN SNIC OSKARSH;;Mat;;;;
WILLYS SISJON ASKIM;;Mat;;;;
WILLYS SISJON,ASKIM,SE;;Mat;;;;
WILLYS SISJÖN,ASKIM,SE;;Mat;;;;
WWW.BILTEMA.COM,HELSINGBORG,SE;;Boende;;;;
WWW.SFANYTIME.COM STOCKHOLM;;Övrigt;;;;
WWW.SFANYTIME.COM,STOCKHOLM,SE;;Övrigt;;;;
WWW.TELENOR.SE,HELSINGBORG,SE;;Mobil;;;;
Wästerläkarna AB;;Sjukvård;;;;
XXH M SE0249 VASTRA FR VASTRA;;Kläder;;;;
XXL SPORT &VILD,ASKIM,SE;;Kläder;;;;
XXL SPORT VILD ASKIM;;Kläder;;;;
XXL SPORT VILD,ASKIM,SE;;Kläder;;;;
zooplus;;;;;;
Zooplus AG;;Övrigt;;;;
Årsavg. Bankkort 4459;;Övrigt;;;;
ÅTERBETALNIN;;Bidrag;;;;
ÅterbäringLF;;Bidrag;;;;
överdrag f o g;;Kläder;;;;
Överf ISK;;Spara;;;;
ÖVERFÖRING;;Övrigt;;;;
